2613008710,1,0,0,1,1,0,1,1,1,0,1,1,1,1,1,1,0,1,0,1,1,0,0,1,0,1,0,0,0,1,1,0,
2902217478,1,0,1,0,1,1,0,0,1,1,1,1,1,1,0,0,0,1,0,1,0,0,1,1,0,0,0,0,0,1,1,0,
087824611,0,0,0,0,0,1,0,1,0,0,1,1,1,1,0,0,0,0,0,1,1,0,0,0,1,1,1,0,0,0,1,1,
514595156,0,0,0,1,1,1,1,0,1,0,1,0,1,1,0,0,0,0,0,1,1,0,0,1,0,1,0,1,0,1,0,0,
027172154,0,0,0,0,0,0,0,1,1,0,0,1,1,1,1,0,1,0,0,1,1,1,0,1,0,0,1,1,1,0,1,0,
2810138302,1,0,1,0,0,1,1,1,0,1,1,1,1,1,1,1,0,1,0,0,1,1,1,0,1,0,1,1,1,1,1,0,
2808198011,1,0,1,0,0,1,1,1,0,1,1,0,0,0,0,1,1,0,1,1,0,0,1,1,0,1,1,1,1,0,1,1,
1730457809,0,1,1,0,0,1,1,1,0,0,1,0,0,1,0,0,1,0,1,1,0,0,0,0,1,1,0,1,0,0,0,1,
2960373806,1,0,1,1,0,0,0,0,0,1,1,1,0,0,1,1,1,0,1,1,1,0,0,0,0,0,1,0,1,1,1,0,
3430007806,1,1,0,0,1,1,0,0,0,1,1,1,0,0,0,1,1,1,0,0,0,0,1,1,1,1,1,1,1,1,1,0,
2830862258,1,0,1,0,1,0,0,0,1,0,1,1,1,0,1,1,1,0,0,0,0,1,1,1,1,0,1,1,0,0,1,0,
3342719027,1,1,0,0,0,1,1,1,0,0,1,1,1,1,0,1,1,1,0,1,1,0,0,0,0,0,1,1,0,0,1,1,
589085632,0,0,1,0,0,0,1,1,0,0,0,1,1,1,0,0,1,0,1,1,1,0,1,1,1,1,0,0,0,0,0,0,
1676131252,0,1,1,0,0,0,1,1,1,1,1,0,0,1,1,1,1,0,1,1,1,0,1,1,1,0,1,1,0,1,0,0,
1897769188,0,1,1,1,0,0,0,1,0,0,0,1,1,1,0,1,1,0,1,0,1,0,0,0,1,1,1,0,0,1,0,0,
3037013754,1,0,1,1,0,1,0,1,0,0,0,0,0,1,0,1,0,0,1,0,0,1,1,0,1,1,1,1,1,0,1,0,
1537528911,0,1,0,1,1,0,1,1,1,0,1,0,0,1,0,0,1,1,0,1,0,1,0,0,0,1,0,0,1,1,1,1,
1290682783,0,1,0,0,1,1,0,0,1,1,1,0,1,1,1,0,0,1,0,0,0,0,0,1,1,0,0,1,1,1,1,1,
744198277,0,0,1,0,1,1,0,0,0,1,0,1,1,0,1,1,1,0,0,1,0,0,0,0,1,0,0,0,0,1,0,1,
3580718160,1,1,0,1,0,1,0,1,0,1,1,0,1,1,0,1,0,1,1,0,1,1,0,0,0,1,0,1,0,0,0,0,
3407686532,1,1,0,0,1,0,1,1,0,0,0,1,1,1,0,1,0,0,1,0,1,0,1,1,1,0,0,0,0,1,0,0,
2774620583,1,0,1,0,0,1,0,1,0,1,1,0,0,0,0,1,0,1,0,1,1,0,0,1,1,0,1,0,0,1,1,1,
3018175696,1,0,1,1,0,0,1,1,1,1,1,0,0,1,0,1,1,0,1,1,0,1,0,0,1,1,0,1,0,0,0,0,
875871282,0,0,1,1,0,1,0,0,0,0,1,1,0,1,0,0,1,0,1,1,1,1,0,0,0,0,1,1,0,0,1,0,
3376216527,1,1,0,0,1,0,0,1,0,0,1,1,1,1,0,0,1,1,1,1,1,0,0,1,1,1,0,0,1,1,1,1,
860606279,0,0,1,1,0,0,1,1,0,1,0,0,1,0,1,1,1,1,0,0,1,1,1,1,0,1,0,0,0,1,1,1,
040189613,0,0,0,0,0,0,1,0,0,1,1,0,0,1,0,1,0,0,1,1,1,1,1,0,1,0,1,0,1,1,0,1,
3569710021,1,1,0,1,0,1,0,0,1,1,0,0,0,1,0,1,0,1,1,1,0,0,1,1,1,1,0,0,0,1,0,1,
1856576188,0,1,1,0,1,1,1,0,1,0,1,0,1,0,0,1,0,0,0,1,1,0,1,0,1,0,1,1,1,1,0,0,
842269646,0,0,1,1,0,0,1,0,0,0,1,1,0,1,0,0,0,0,0,0,0,0,1,1,1,1,0,0,1,1,1,0,
3628085378,1,1,0,1,1,0,0,0,0,1,0,0,0,0,0,0,0,0,1,1,0,0,0,0,1,0,0,0,0,0,1,0,
4128780453,1,1,1,1,0,1,1,0,0,0,0,1,1,0,0,0,0,0,1,1,0,0,0,0,1,0,1,0,0,1,0,1,
2751273186,1,0,1,0,0,0,1,1,1,1,1,1,1,1,0,1,0,0,0,1,1,0,0,0,1,1,1,0,0,0,1,0,
3666146483,1,1,0,1,1,0,1,0,1,0,0,0,0,1,0,0,1,1,1,1,0,1,0,0,1,0,1,1,0,0,1,1,
1154324061,0,1,0,0,0,1,0,0,1,1,0,0,1,1,0,1,1,0,0,1,0,1,1,0,0,1,0,1,1,1,0,1,
3022631427,1,0,1,1,0,1,0,0,0,0,1,0,1,0,0,1,1,0,1,1,0,0,1,0,0,0,0,0,0,0,1,1,
3029717943,1,0,1,1,0,1,0,0,1,0,0,1,0,1,0,1,1,1,0,1,0,0,1,1,1,0,1,1,0,1,1,1,
1851944104,0,1,1,0,1,1,1,0,0,1,1,0,0,0,1,0,0,1,1,0,1,1,0,0,1,0,1,0,1,0,0,0,
160018523,0,0,0,0,1,0,0,1,1,0,0,0,1,0,0,1,1,0,1,1,0,0,0,0,0,1,0,1,1,0,1,1,
2584900531,1,0,0,1,1,0,1,0,0,0,0,1,0,0,1,0,0,1,1,1,0,0,1,1,1,0,1,1,0,0,1,1,
3454375515,1,1,0,0,1,1,0,1,1,1,1,0,0,1,0,1,1,0,0,1,0,1,1,0,0,1,0,1,1,0,1,1,
3559493728,1,1,0,1,0,1,0,0,0,0,1,0,1,0,0,1,1,0,0,1,0,0,0,0,0,1,1,0,0,0,0,0,
3750796935,1,1,0,1,1,1,1,1,1,0,0,1,0,0,0,0,1,0,0,1,1,1,1,0,1,0,0,0,0,1,1,1,
2657054530,1,0,0,1,1,1,1,0,0,1,0,1,1,1,1,1,0,1,1,0,1,1,1,1,0,1,0,0,0,0,1,0,
595712790,0,0,1,0,0,0,1,1,1,0,0,0,0,0,0,1,1,1,0,1,1,0,1,1,0,0,0,1,0,1,1,0,
3101406826,1,0,1,1,1,0,0,0,1,1,0,1,1,0,1,1,1,0,1,1,0,1,1,0,0,1,1,0,1,0,1,0,
3719599362,1,1,0,1,1,1,0,1,1,0,1,1,0,1,0,0,1,0,0,1,0,1,0,1,0,0,0,0,0,0,1,0,
882225650,0,0,1,1,0,1,0,0,1,0,0,1,0,1,0,1,1,0,1,1,0,0,0,1,1,1,1,1,0,0,1,0,
2529673470,1,0,0,1,0,1,1,0,1,1,0,0,0,1,1,1,1,1,0,0,0,0,0,0,1,1,1,1,1,1,1,0,
1977622173,0,1,1,1,0,1,0,1,1,1,1,0,0,0,0,0,0,0,0,1,1,1,1,0,1,0,0,1,1,1,0,1,
503543794,0,0,0,1,1,1,1,0,0,0,0,0,0,0,1,1,0,1,1,1,0,1,1,1,1,1,1,1,0,0,1,0,
3638418427,1,1,0,1,1,0,0,0,1,1,0,1,1,1,0,1,1,1,0,1,1,0,1,1,1,1,1,1,1,0,1,1,
2068036530,0,1,1,1,1,0,1,1,0,1,0,0,0,0,1,1,1,0,1,1,1,0,1,1,1,0,1,1,0,0,1,0,
3337542856,1,1,0,0,0,1,1,0,1,1,1,0,1,1,1,0,1,1,0,1,1,1,0,0,1,1,0,0,1,0,0,0,
3607427862,1,1,0,1,0,1,1,1,0,0,0,0,0,1,0,0,1,1,1,1,1,0,1,1,0,0,0,1,0,1,1,0,
2379201794,1,0,0,0,1,1,0,1,1,1,0,0,1,1,1,1,1,0,1,1,1,1,0,1,0,0,0,0,0,0,1,0,
321646481,0,0,0,1,0,0,1,1,0,0,1,0,1,0,1,1,1,1,1,0,1,1,1,1,1,0,0,1,0,0,0,1,
3747665225,1,1,0,1,1,1,1,1,0,1,1,0,0,0,0,0,1,1,0,1,0,1,0,1,0,1,0,0,1,0,0,1,
3582582530,1,1,0,1,0,1,0,1,1,0,0,0,1,0,0,1,1,1,0,1,1,1,1,1,0,0,0,0,0,0,1,0,
2099925293,0,1,1,1,1,1,0,1,0,0,1,0,1,0,1,0,0,1,0,1,0,0,0,1,0,0,1,0,1,1,0,1,
1946839444,0,1,1,1,0,1,0,0,0,0,0,0,1,0,1,0,0,1,1,0,1,0,0,1,1,0,0,1,0,1,0,0,
3752081829,1,1,0,1,1,1,1,1,1,0,1,0,0,1,0,0,0,0,1,1,1,0,0,1,1,0,1,0,0,1,0,1,
2460341905,1,0,0,1,0,0,1,0,1,0,1,0,0,1,0,1,1,1,0,1,0,1,1,0,1,0,0,1,0,0,0,1,
1801376847,0,1,1,0,1,0,1,1,0,1,0,1,1,1,1,0,1,1,0,1,0,1,0,0,0,1,0,0,1,1,1,1,
2362947069,1,0,0,0,1,1,0,0,1,1,0,1,0,1,1,1,1,0,1,1,0,1,0,1,1,1,1,1,1,1,0,1,
2550023944,1,0,0,1,0,1,1,1,1,1,1,1,1,1,1,0,0,1,0,0,0,1,1,1,0,0,0,0,1,0,0,0,
2448536278,1,0,0,1,0,0,0,1,1,1,1,1,0,0,0,1,1,0,1,1,0,0,1,0,1,1,0,1,0,1,1,0,
579036289,0,0,1,0,0,0,1,0,1,0,0,0,0,0,1,1,0,1,1,0,0,1,0,0,1,0,0,0,0,0,0,1,
910561521,0,0,1,1,0,1,1,0,0,1,0,0,0,1,1,0,0,0,0,1,0,0,0,0,1,1,1,1,0,0,0,1,
691308226,0,0,1,0,1,0,0,1,0,0,1,1,0,1,0,0,1,0,0,0,0,1,1,0,1,1,0,0,0,0,1,0,
4102423161,1,1,1,1,0,1,0,0,1,0,0,0,0,1,1,0,0,0,0,0,0,0,1,0,0,1,1,1,1,0,0,1,
2666712402,1,0,0,1,1,1,1,0,1,1,1,1,0,0,1,0,1,1,0,0,1,1,0,1,0,1,0,1,0,0,1,0,
791468233,0,0,1,0,1,1,1,1,0,0,1,0,1,1,0,0,1,1,0,1,1,0,0,0,1,1,0,0,1,0,0,1,
2113359187,0,1,1,1,1,1,0,1,1,1,1,1,0,1,1,1,0,1,0,0,1,1,0,1,0,1,0,1,0,0,1,1,
2448752756,1,0,0,1,0,0,0,1,1,1,1,1,0,1,0,1,0,0,0,0,0,0,0,0,0,1,1,1,0,1,0,0,
3533706559,1,1,0,1,0,0,1,0,1,0,1,0,0,0,0,0,0,0,0,1,0,1,0,1,0,0,1,1,1,1,1,1,
361776242,0,0,0,1,0,1,0,1,1,0,0,1,0,0,0,0,0,1,0,0,0,1,0,0,0,1,1,1,0,0,1,0,
3393733643,1,1,0,0,1,0,1,0,0,1,0,0,1,0,0,0,0,1,0,0,0,1,0,0,0,0,0,0,1,0,1,1,
4276359318,1,1,1,1,1,1,1,0,1,1,1,0,0,1,0,0,0,0,0,1,0,0,0,0,1,0,0,1,0,1,1,0,
783942660,0,0,1,0,1,1,1,0,1,0,1,1,1,0,1,0,0,0,0,0,0,1,0,0,0,0,0,0,0,1,0,0,
672148586,0,0,1,0,1,0,0,0,0,0,0,1,0,0,0,0,0,0,1,0,1,1,0,0,0,1,1,0,1,0,1,0,
675032276,0,0,1,0,1,0,0,0,0,0,1,1,1,1,0,0,0,0,1,0,1,1,0,0,1,1,0,1,0,1,0,0,
2730827342,1,0,1,0,0,0,1,0,1,1,0,0,0,1,0,1,0,0,0,1,1,1,1,0,0,1,0,0,1,1,1,0,
2814626013,1,0,1,0,0,1,1,1,1,1,0,0,0,0,1,1,1,1,0,0,1,0,0,0,1,1,0,1,1,1,0,1,
1083440844,0,1,0,0,0,0,0,0,1,0,0,1,0,0,1,1,1,1,1,1,1,1,1,0,1,1,0,0,1,1,0,0,
1553985912,0,1,0,1,1,1,0,0,1,0,0,1,1,1,1,1,1,1,1,1,0,0,0,1,0,1,1,1,1,0,0,0,
2026170776,0,1,1,1,1,0,0,0,1,1,0,0,0,1,0,0,1,1,1,0,1,0,0,1,1,0,0,1,1,0,0,0,
2689504981,1,0,1,0,0,0,0,0,0,1,0,0,1,1,1,0,1,0,0,1,0,1,1,0,1,1,0,1,0,1,0,1,
2886051138,1,0,1,0,1,1,0,0,0,0,0,0,0,1,0,1,1,0,1,0,0,1,0,1,0,1,0,0,0,0,1,0,
378941882,0,0,0,1,0,1,1,0,1,0,0,1,0,1,1,0,0,0,1,1,0,0,0,1,1,0,1,1,1,0,1,0,
1586253916,0,1,0,1,1,1,1,0,1,0,0,0,1,1,0,0,0,1,0,1,0,0,0,0,0,1,0,1,1,1,0,0,
084116164,0,0,0,0,0,1,0,1,0,0,0,0,0,0,1,1,1,0,0,0,0,0,1,0,1,1,0,0,0,1,0,0,
672928137,0,0,1,0,1,0,0,0,0,0,0,1,1,1,0,0,0,0,0,1,0,0,0,1,1,0,0,0,1,0,0,1,
713146820,0,0,1,0,1,0,1,0,1,0,0,0,0,0,0,1,1,1,0,0,0,0,0,1,1,1,0,0,0,1,0,0,
2030273475,0,1,1,1,1,0,0,1,0,0,0,0,0,0,1,1,1,0,0,0,0,0,1,1,1,1,0,0,0,0,1,1,
488769966,0,0,0,1,1,1,0,1,0,0,1,0,0,0,1,0,0,0,0,0,1,0,0,1,1,0,1,0,1,1,1,0,
1896359682,0,1,1,1,0,0,0,1,0,0,0,0,1,0,0,0,0,0,1,0,0,1,1,1,0,0,0,0,0,0,1,0,
663998058,0,0,1,0,0,1,1,1,1,0,0,1,0,0,1,1,1,1,0,0,1,1,1,0,0,1,1,0,1,0,1,0,
715028455,0,0,1,0,1,0,1,0,1,0,0,1,1,1,1,0,0,1,1,1,0,1,1,1,1,1,1,0,0,1,1,1,
4012350776,1,1,1,0,1,1,1,1,0,0,1,0,0,1,1,1,1,0,0,1,1,1,0,1,0,0,1,1,1,0,0,0,
3419331749,1,1,0,0,1,0,1,1,1,1,0,0,1,1,1,0,1,1,0,1,1,1,0,0,1,0,1,0,0,1,0,1,
2230564812,1,0,0,0,0,1,0,0,1,1,1,1,0,0,1,1,1,0,1,1,0,1,1,1,1,1,0,0,1,1,0,0,
194885750,0,0,0,0,1,0,1,1,1,0,0,1,1,1,0,1,1,0,1,1,1,0,0,0,0,1,1,1,0,1,1,0,
1997735459,0,1,1,1,0,1,1,1,0,0,0,1,0,0,1,1,0,0,0,0,0,1,1,0,0,0,1,0,0,0,1,1,
925006122,0,0,1,1,0,1,1,1,0,0,1,0,0,0,1,0,0,1,1,1,1,0,0,1,0,0,1,0,1,0,1,0,
575268080,0,0,1,0,0,0,1,0,0,1,0,0,1,0,0,1,1,1,1,0,0,1,0,0,1,1,1,1,0,0,0,0,
1709462264,0,1,1,0,0,1,0,1,1,1,1,0,0,1,0,0,0,1,0,1,0,0,1,0,1,1,1,1,1,0,0,0,
1917134516,0,1,1,1,0,0,1,0,0,1,0,0,0,1,0,1,0,0,1,0,0,1,1,0,1,0,1,1,0,1,0,0,
1294254621,0,1,0,0,1,1,0,1,0,0,1,0,0,1,0,0,1,1,0,0,0,0,1,0,0,0,0,1,1,1,0,1,
709963550,0,0,1,0,1,0,1,0,0,1,0,1,0,0,0,1,0,0,1,0,1,1,1,1,0,0,0,1,1,1,1,0,
3835846225,1,1,1,0,0,1,0,0,1,0,1,0,0,0,1,0,0,1,0,1,1,1,1,0,0,1,0,1,0,0,0,1,
3261002039,1,1,0,0,0,0,1,0,0,1,0,1,1,1,1,0,1,1,1,1,0,0,0,1,0,0,1,1,0,1,1,1,
1922874551,0,1,1,1,0,0,1,0,1,0,0,1,1,1,0,0,1,0,1,1,1,1,0,0,1,0,1,1,0,1,1,1,
2914390801,1,0,1,0,1,1,0,1,1,0,1,1,0,1,1,0,0,0,0,1,0,0,1,1,0,0,0,1,0,0,0,1,
2069026497,0,1,1,1,1,0,1,1,0,1,0,1,0,0,1,0,1,1,0,1,0,1,1,0,1,1,0,0,0,0,0,1,
181797817,0,0,0,0,1,0,1,0,1,1,0,1,0,1,1,0,0,0,0,0,0,0,1,1,1,0,1,1,1,0,0,1,
4247603410,1,1,1,1,1,1,0,1,0,0,1,0,1,1,0,1,0,1,0,0,1,0,0,0,1,1,0,1,0,0,1,0,
369702384,0,0,0,1,0,1,1,0,0,0,0,0,1,0,0,1,0,0,1,1,0,1,0,1,1,1,1,1,0,0,0,0,
154531535,0,0,0,0,1,0,0,1,0,0,1,1,0,1,0,1,1,1,1,1,0,1,1,0,1,1,0,0,1,1,1,1,
3397293676,1,1,0,0,1,0,1,0,0,1,1,1,1,1,1,0,1,0,0,1,0,1,1,0,0,1,1,0,1,1,0,0,
2778975741,1,0,1,0,0,1,0,1,1,0,1,0,0,0,1,1,1,1,0,0,1,1,0,1,1,1,1,1,1,1,0,1,
1878863308,0,1,1,0,1,1,1,1,1,1,1,1,1,1,0,1,0,0,1,0,1,1,0,1,1,1,0,0,1,1,0,0,
1235674158,0,1,0,0,1,0,0,1,1,0,1,0,0,1,1,0,1,1,1,0,0,1,0,0,0,0,1,0,1,1,1,0,
1656307342,0,1,1,0,0,0,1,0,1,0,1,1,1,0,0,1,0,0,1,1,1,1,1,0,1,0,0,0,1,1,1,0,
2994536937,1,0,1,1,0,0,1,0,0,1,1,1,1,1,0,1,0,0,0,0,0,0,0,1,1,1,1,0,1,0,0,1,
911843575,0,0,1,1,0,1,1,0,0,1,0,1,1,0,0,1,1,0,1,0,0,0,0,0,1,1,1,1,0,1,1,1,
1583952786,0,1,0,1,1,1,1,0,0,1,1,0,1,0,0,1,0,0,1,1,0,0,1,1,1,0,0,1,0,0,1,0,
3470994061,1,1,0,0,1,1,1,0,1,1,1,0,0,0,1,1,0,0,1,0,1,0,1,0,1,0,0,0,1,1,0,1,
1402523709,0,1,0,1,0,0,1,1,1,0,0,1,1,0,0,0,1,1,0,1,0,0,0,0,0,0,1,1,1,1,0,1,
4168990722,1,1,1,1,1,0,0,0,0,1,1,1,1,1,0,1,1,1,0,0,0,0,0,0,0,0,0,0,0,0,1,0,
3548262352,1,1,0,1,0,0,1,1,0,1,1,1,1,1,1,0,0,0,1,0,1,1,1,1,1,1,0,1,0,0,0,0,
321847037,0,0,0,1,0,0,1,1,0,0,1,0,1,1,1,0,1,1,1,1,1,1,1,0,1,1,1,1,1,1,0,1,
4182490950,1,1,1,1,1,0,0,1,0,1,0,0,1,0,1,1,1,0,1,1,1,1,1,1,0,1,0,0,0,1,1,0,
3992830743,1,1,1,0,1,1,0,1,1,1,1,1,1,1,0,1,1,1,0,0,0,0,1,1,0,0,0,1,0,1,1,1,
3056187553,1,0,1,1,0,1,1,0,0,0,1,0,1,0,0,1,1,0,1,1,1,0,0,0,1,0,1,0,0,0,0,1,
3791239284,1,1,1,0,0,0,0,1,1,1,1,1,1,0,0,1,1,0,1,1,1,0,0,0,0,1,1,1,0,1,0,0,
863067887,0,0,1,1,0,0,1,1,0,1,1,1,0,0,0,1,0,1,0,1,1,1,1,0,1,1,1,0,1,1,1,1,
3167762920,1,0,1,1,1,1,0,0,1,1,0,1,0,0,0,0,0,0,1,1,1,0,0,1,1,1,1,0,1,0,0,0,
3431479784,1,1,0,0,1,1,0,0,1,0,0,0,1,0,0,0,0,0,1,1,1,0,0,1,1,1,1,0,1,0,0,0,
943288898,0,0,1,1,1,0,0,0,0,0,1,1,1,0,0,1,0,1,1,1,0,0,1,0,0,1,0,0,0,0,1,0,
3413581239,1,1,0,0,1,0,1,1,0,1,1,1,0,1,1,1,0,0,0,1,1,1,0,1,1,0,1,1,0,1,1,1,
2719710044,1,0,1,0,0,0,1,0,0,0,0,1,1,0,1,1,0,1,1,1,1,0,1,1,0,1,0,1,1,1,0,0,
064912069,0,0,0,0,0,0,1,1,1,1,0,1,1,1,1,0,0,1,1,1,1,0,1,0,1,1,0,0,0,1,0,1,
821862007,0,0,1,1,0,0,0,0,1,1,1,1,1,1,0,0,1,0,0,1,1,1,1,0,0,1,1,1,0,1,1,1,
768592185,0,0,1,0,1,1,0,1,1,1,0,0,1,1,1,1,1,1,0,0,1,0,0,1,0,0,1,1,1,0,0,1,
030139452,0,0,0,0,0,0,0,1,1,1,0,0,1,0,1,1,1,1,1,0,0,1,0,0,0,0,1,1,1,1,0,0,
2837802845,1,0,1,0,1,0,0,1,0,0,1,0,0,1,0,1,0,1,1,0,1,1,1,1,0,1,0,1,1,1,0,1,
4072284671,1,1,1,1,0,0,1,0,1,0,1,1,1,0,1,0,0,0,1,0,0,0,0,1,1,1,1,1,1,1,1,1,
1100146775,0,1,0,0,0,0,0,1,1,0,0,1,0,0,1,0,1,1,1,0,1,0,0,0,0,1,0,1,0,1,1,1,
2725355887,1,0,1,0,0,0,1,0,0,1,1,1,0,0,0,1,1,0,1,0,0,0,0,1,0,1,1,0,1,1,1,1,
1108509725,0,1,0,0,0,0,1,0,0,0,0,1,0,0,1,0,1,0,0,0,0,1,0,0,0,0,0,1,1,1,0,1,
321310872,0,0,0,1,0,0,1,1,0,0,1,0,0,1,1,0,1,1,0,1,0,0,0,0,1,0,0,1,1,0,0,0,
3604225522,1,1,0,1,0,1,1,0,1,1,0,1,0,1,0,0,0,0,0,1,1,1,0,1,1,1,1,1,0,0,1,0,
4162662412,1,1,1,1,1,0,0,0,0,0,0,1,1,1,0,1,0,0,1,1,0,0,0,0,0,0,0,0,1,1,0,0,
638644268,0,0,1,0,0,1,1,0,0,0,0,1,0,0,0,0,1,1,1,1,0,0,0,0,0,0,1,0,1,1,0,0,
3648057356,1,1,0,1,1,0,0,1,0,1,1,1,0,0,0,0,1,1,1,1,0,0,0,0,0,0,0,0,1,1,0,0,
3624988691,1,1,0,1,1,0,0,0,0,0,0,1,0,0,0,0,1,1,1,1,0,0,0,0,0,0,0,1,0,0,1,1,
2812342467,1,0,1,0,0,1,1,1,1,0,1,0,0,0,0,0,1,1,1,1,0,0,0,0,1,1,0,0,0,0,1,1,
1512108162,0,1,0,1,1,0,1,0,0,0,1,0,0,0,0,0,1,1,1,1,0,0,0,0,1,0,0,0,0,0,1,0,
100200696,0,0,0,0,0,1,0,1,1,1,1,1,1,0,0,0,1,1,1,1,0,0,0,0,1,1,1,1,1,0,0,0,
955279061,0,0,1,1,1,0,0,0,1,1,1,1,0,0,0,0,0,1,1,0,0,1,1,0,1,1,0,1,0,1,0,1,
1718011618,0,1,1,0,0,1,1,0,0,1,1,0,0,1,1,0,1,1,0,0,0,1,1,0,1,1,1,0,0,0,1,0,
1818302808,0,1,1,0,1,1,0,0,0,1,1,0,0,0,0,1,0,0,0,1,1,0,0,1,0,1,0,1,1,0,0,0,
656028614,0,0,1,0,0,1,1,1,0,0,0,1,1,0,1,0,0,0,1,1,0,0,1,1,1,1,0,0,0,1,1,0,
1758340686,0,1,1,0,1,0,0,0,1,1,0,0,1,1,1,0,0,0,1,0,0,1,1,0,0,1,0,0,1,1,1,0,
161748452,0,0,0,0,1,0,0,1,1,0,1,0,0,1,0,0,0,0,0,1,0,1,0,1,1,1,1,0,0,1,0,0,
2353094290,1,0,0,0,1,1,0,0,0,1,0,0,0,0,0,1,0,1,0,1,1,1,1,0,1,0,0,1,0,0,1,0,
3518331204,1,1,0,1,0,0,0,1,1,0,1,1,0,1,0,1,0,1,1,1,1,0,0,1,0,1,0,0,0,1,0,0,
3543082842,1,1,0,1,0,0,1,1,0,0,1,0,1,1,1,1,0,0,1,0,0,1,1,1,0,1,0,1,1,0,1,0,
331899064,0,0,0,1,0,0,1,1,1,1,0,0,1,0,0,0,0,1,1,0,0,0,0,0,1,0,1,1,1,0,0,0,
140536515,0,0,0,0,1,0,0,0,0,1,1,0,0,0,0,0,0,1,1,0,1,0,1,0,1,1,0,0,0,0,1,1,
3372247788,1,1,0,0,1,0,0,1,0,0,0,0,0,0,0,0,0,1,1,0,1,0,1,0,1,1,1,0,1,1,0,0,
140536445,0,0,0,0,1,0,0,0,0,1,1,0,0,0,0,0,0,1,1,0,1,0,1,0,0,1,1,1,1,1,0,1,
1793132636,0,1,1,0,1,0,1,0,1,1,1,0,0,0,0,1,0,0,0,0,1,0,0,0,0,1,0,1,1,1,0,0,
516035019,0,0,0,1,1,1,1,0,1,1,0,0,0,0,1,0,0,0,0,1,0,0,0,1,1,1,0,0,1,0,1,1,
1192915162,0,1,0,0,0,1,1,1,0,0,0,1,1,0,1,0,0,1,1,1,0,0,0,0,1,1,0,1,1,0,1,0,
163595953,0,0,0,0,1,0,0,1,1,1,0,0,0,0,0,0,0,1,0,0,0,1,1,0,1,0,1,1,0,0,0,1,
144721550,0,0,0,0,1,0,0,0,1,0,1,0,0,0,0,0,0,1,0,0,0,1,1,0,1,0,0,0,1,1,1,0,
1745897132,0,1,1,0,1,0,0,0,0,0,0,1,0,0,0,0,0,1,0,0,0,1,1,0,1,0,1,0,1,1,0,0,
2215659227,1,0,0,0,0,1,0,0,0,0,0,1,0,0,0,0,0,1,0,0,0,1,1,0,1,1,0,1,1,0,1,1,
1184803482,0,1,0,0,0,1,1,0,1,0,0,1,1,1,1,0,1,0,1,0,1,0,1,0,1,0,0,1,1,0,1,0,
2864338165,1,0,1,0,1,0,1,0,1,0,1,1,1,0,1,0,0,1,0,1,0,1,0,0,1,1,1,1,0,1,0,1,
1364322690,0,1,0,1,0,0,0,1,0,1,0,1,0,0,0,1,1,1,1,0,1,0,0,1,1,0,0,0,0,0,1,0,
381461793,0,0,0,1,0,1,1,0,1,0,1,1,1,1,0,0,1,0,1,0,0,1,0,1,0,0,1,0,0,0,0,1,
3868545143,1,1,1,0,0,1,1,0,1,0,0,1,0,1,0,1,0,1,0,1,0,0,0,0,0,1,1,1,0,1,1,1,
356264312,0,0,0,1,0,1,0,1,0,0,1,1,1,1,0,0,0,0,1,0,1,0,0,1,0,1,1,1,1,0,0,0,
2728233214,1,0,1,0,0,0,1,0,1,0,0,1,1,1,0,1,1,0,0,0,1,0,0,0,1,1,1,1,1,1,1,0,
017719742,0,0,0,0,0,0,0,1,0,0,0,0,1,1,1,0,0,1,1,0,0,0,0,1,1,0,1,1,1,1,1,0,
4167625454,1,1,1,1,1,0,0,0,0,1,1,0,1,0,0,0,1,1,1,0,1,0,1,0,1,1,1,0,1,1,1,0,
2666158093,1,0,0,1,1,1,1,0,1,1,1,0,1,0,1,0,0,1,0,1,1,0,0,0,0,0,0,0,1,1,0,1,
3343129009,1,1,0,0,0,1,1,1,0,1,0,0,0,1,0,0,0,0,0,1,1,0,0,1,1,0,1,1,0,0,0,1,
423348262,0,0,0,1,1,0,0,1,0,0,1,1,1,0,1,1,1,1,0,0,1,0,0,0,0,0,1,0,0,1,1,0,
3729217040,1,1,0,1,1,1,1,0,0,1,0,0,0,1,1,1,0,1,0,1,0,1,1,0,0,0,0,1,0,0,0,0,
1120804740,0,1,0,0,0,0,1,0,1,1,0,0,1,1,1,0,0,0,0,1,1,1,1,1,1,0,0,0,0,1,0,0,
2279051321,1,0,0,0,0,1,1,1,1,1,0,1,0,1,1,1,1,0,0,1,0,0,0,0,0,0,1,1,1,0,0,1,
1941736218,0,1,1,1,0,0,1,1,1,0,1,1,1,1,0,0,1,0,0,0,1,0,1,1,0,0,0,1,1,0,1,0,
1220282092,0,1,0,0,1,0,0,0,1,0,1,1,1,1,0,0,0,0,0,0,0,1,1,0,1,1,1,0,1,1,0,0,
3228277401,1,1,0,0,0,0,0,0,0,1,1,0,1,0,1,1,1,0,0,1,1,0,1,0,1,0,0,1,1,0,0,1,
109157377,0,0,0,0,0,1,1,0,1,0,0,0,0,0,0,1,1,0,0,1,1,1,0,0,0,0,0,0,0,0,0,1,
806996362,0,0,1,1,0,0,0,0,0,0,0,1,1,0,0,1,1,1,0,0,1,0,0,1,1,0,0,0,1,0,1,0,
3750911485,1,1,0,1,1,1,1,1,1,0,0,1,0,0,1,0,0,1,0,1,1,1,0,1,1,1,1,1,1,1,0,1,
1966899995,0,1,1,1,0,1,0,1,0,0,1,1,1,1,0,0,1,0,0,0,0,0,1,1,0,0,0,1,1,0,1,1,
3190597865,1,0,1,1,1,1,1,0,0,0,1,0,1,1,0,0,1,0,1,0,1,0,0,0,1,1,1,0,1,0,0,1,
2618935895,1,0,0,1,1,1,0,0,0,0,0,1,1,0,0,1,1,1,0,0,1,0,1,0,0,1,0,1,0,1,1,1,
4287071047,1,1,1,1,1,1,1,1,1,0,0,0,0,1,1,1,1,0,0,0,0,0,1,1,0,1,0,0,0,1,1,1,
4202722067,1,1,1,1,1,0,1,0,1,0,0,0,0,0,0,0,0,1,1,1,0,0,1,1,0,0,0,1,0,0,1,1,
4184634174,1,1,1,1,1,0,0,1,0,1,1,0,1,1,0,0,0,1,1,1,0,0,1,1,0,0,1,1,1,1,1,0,
1195032761,0,1,0,0,0,1,1,1,0,0,1,1,1,0,1,0,1,1,0,0,0,0,0,0,1,0,1,1,1,0,0,1,
1852017618,0,1,1,0,1,1,1,0,0,1,1,0,0,0,1,1,1,0,0,0,1,0,1,1,1,1,0,1,0,0,1,0,
685959350,0,0,1,0,1,0,0,0,1,1,1,0,0,0,1,0,1,1,1,0,1,0,0,0,1,0,1,1,0,1,1,0,
1547411651,0,1,0,1,1,1,0,0,0,0,1,1,1,0,1,1,1,0,1,0,0,0,0,0,1,1,0,0,0,0,1,1,
084794833,0,0,0,0,0,1,0,1,0,0,0,0,1,1,0,1,1,1,0,1,1,1,0,1,1,1,0,1,0,0,0,1,
2976315301,1,0,1,1,0,0,0,1,0,1,1,0,0,1,1,0,1,1,1,1,0,1,1,1,1,0,1,0,0,1,0,1,
3897354607,1,1,1,0,1,0,0,0,0,1,0,0,1,1,0,0,1,1,1,0,1,0,0,1,0,1,1,0,1,1,1,1,
512740941,0,0,0,1,1,1,1,0,1,0,0,0,1,1,1,1,1,1,0,0,1,1,1,0,0,1,0,0,1,1,0,1,
2964449222,1,0,1,1,0,0,0,0,1,0,1,1,0,0,0,1,1,1,1,0,0,1,1,1,1,1,0,0,0,1,1,0,
2684603950,1,0,1,0,0,0,0,0,0,0,0,0,0,0,1,1,1,1,0,0,1,1,1,0,0,0,1,0,1,1,1,0,
4275992368,1,1,1,1,1,1,1,0,1,1,0,1,1,1,1,0,0,1,1,1,0,1,1,1,0,0,1,1,0,0,0,0,
2566811301,1,0,0,1,1,0,0,0,1,1,1,1,1,1,1,0,0,1,1,0,1,1,1,0,1,0,1,0,0,1,0,1,
4190411607,1,1,1,1,1,0,0,1,1,1,0,0,0,1,0,0,1,0,0,1,1,0,1,1,0,1,0,1,0,1,1,1,
3012911707,1,0,1,1,0,0,1,1,1,0,0,1,0,1,0,1,0,1,1,0,0,0,1,0,0,1,0,1,1,0,1,1,
1574146046,0,1,0,1,1,1,0,1,1,1,0,1,0,0,1,1,1,0,0,0,1,1,1,1,1,1,1,1,1,1,1,0,
362576127,0,0,0,1,0,1,0,1,1,0,0,1,1,1,0,0,0,1,1,1,1,0,0,0,1,1,1,1,1,1,1,1,
1320142682,0,1,0,0,1,1,1,0,1,0,1,0,1,1,1,1,1,1,0,0,0,1,1,1,0,1,0,1,1,0,1,0,
3824404371,1,1,1,0,0,0,1,1,1,1,1,1,0,0,1,1,1,1,0,0,0,1,1,1,1,0,0,1,0,0,1,1,
1002399584,0,0,1,1,1,0,1,1,1,0,1,1,1,1,1,1,0,1,1,0,0,1,1,1,0,1,1,0,0,0,0,0,
3013080748,1,0,1,1,0,0,1,1,1,0,0,1,0,1,1,1,1,1,1,1,0,1,1,0,1,0,1,0,1,1,0,0,
821768555,0,0,1,1,0,0,0,0,1,1,1,1,1,0,1,1,0,0,1,1,0,0,0,1,0,1,1,0,1,0,1,1,
1994905951,0,1,1,1,0,1,1,0,1,1,1,0,0,1,1,1,1,1,0,1,1,0,0,1,0,1,0,1,1,1,1,1,
3451634494,1,1,0,0,1,1,0,1,1,0,1,1,1,0,1,1,1,1,0,0,0,0,1,1,0,0,1,1,1,1,1,0,
3726444868,1,1,0,1,1,1,1,0,0,0,0,1,1,1,0,1,0,0,0,0,1,0,0,1,0,1,0,0,0,1,0,0,
2705000682,1,0,1,0,0,0,0,1,0,0,1,1,1,0,1,1,0,0,0,0,1,0,0,0,1,1,1,0,1,0,1,0,
3628334811,1,1,0,1,1,0,0,0,0,1,0,0,0,0,1,1,1,1,1,1,1,1,1,0,1,1,0,1,1,0,1,1,
4051152909,1,1,1,1,0,0,0,1,0,1,1,1,0,1,1,1,1,0,1,1,0,0,0,0,0,0,0,0,1,1,0,1,
248822538,0,0,0,0,1,1,1,0,1,1,0,1,0,1,0,0,1,0,1,1,1,0,1,1,0,0,0,0,1,0,1,0,
4216044594,1,1,1,1,1,0,1,1,0,1,0,0,1,0,1,1,1,0,1,1,1,1,0,0,0,0,1,1,0,0,1,0,
1010484285,0,0,1,1,1,1,0,0,0,0,1,1,1,0,1,0,1,1,0,0,0,1,0,0,0,0,1,1,1,1,0,1,
1915808705,0,1,1,1,0,0,1,0,0,0,1,1,0,0,0,0,1,1,1,0,1,0,1,1,1,1,0,0,0,0,0,1,
1300294616,0,1,0,0,1,1,0,1,1,0,0,0,0,0,0,0,1,1,1,0,1,0,1,1,1,1,0,1,1,0,0,0,
1289808839,0,1,0,0,1,1,0,0,1,1,1,0,0,0,0,0,1,1,1,0,1,0,1,1,1,1,0,0,0,1,1,1,
3943740290,1,1,1,0,1,0,1,1,0,0,0,1,0,0,0,0,1,0,1,1,0,0,1,1,1,0,0,0,0,0,1,0,
719762353,0,0,1,0,1,0,1,0,1,1,1,0,0,1,1,0,1,0,1,1,0,0,1,1,1,0,1,1,0,0,0,1,
3268683361,1,1,0,0,0,0,1,0,1,1,0,1,0,1,0,0,0,0,1,0,0,1,1,0,0,1,1,0,0,0,0,1,
644816381,0,0,1,0,0,1,1,0,0,1,1,0,1,1,1,1,0,0,0,1,1,1,0,1,1,1,1,1,1,1,0,1,
3968306764,1,1,1,0,1,1,0,0,1,0,0,0,0,1,1,1,1,0,0,0,1,1,1,0,0,1,0,0,1,1,0,0,
466054026,0,0,0,1,1,0,1,1,1,1,0,0,0,1,1,1,0,1,1,0,1,0,1,1,1,0,0,0,1,0,1,0,
494258955,0,0,0,1,1,1,0,1,0,1,1,1,0,1,0,1,1,1,0,0,1,0,1,1,0,0,0,0,1,0,1,1,
1852199915,0,1,1,0,1,1,1,0,0,1,1,0,0,1,1,0,0,1,0,1,0,0,1,1,1,1,1,0,1,0,1,1,
3629160774,1,1,0,1,1,0,0,0,0,1,0,1,0,0,0,0,1,0,0,1,1,0,0,1,0,1,0,0,0,1,1,0,
4127758689,1,1,1,1,0,1,1,0,0,0,0,0,1,0,0,0,1,0,0,1,1,0,0,1,0,1,1,0,0,0,0,1,
4245199285,1,1,1,1,1,1,0,1,0,0,0,0,1,0,0,0,1,0,0,1,1,0,0,1,1,0,1,1,0,1,0,1,
463654987,0,0,0,1,1,0,1,1,1,0,1,0,0,0,1,0,1,1,0,1,0,0,0,0,0,1,0,0,1,0,1,1,
1126863001,0,1,0,0,0,0,1,1,0,0,1,0,1,0,1,0,1,0,0,1,0,0,0,0,1,0,0,1,1,0,0,1,
1296254611,0,1,0,0,1,1,0,1,0,1,0,0,0,0,1,1,0,1,0,0,0,1,1,0,1,0,0,1,0,0,1,1,
936422088,0,0,1,1,0,1,1,1,1,1,0,1,0,0,0,0,1,0,1,0,1,0,1,0,1,1,0,0,1,0,0,0,
4023429845,1,1,1,0,1,1,1,1,1,1,0,1,0,0,0,0,1,0,1,0,1,0,1,0,1,1,0,1,0,1,0,1,
2856112578,1,0,1,0,1,0,1,0,0,0,1,1,1,1,0,0,1,1,0,1,0,0,0,1,1,1,0,0,0,0,1,0,
1028733955,0,0,1,1,1,1,0,1,0,1,0,1,0,0,0,1,0,0,1,1,1,1,0,0,0,0,0,0,0,0,1,1,
1964831557,0,1,1,1,0,1,0,1,0,0,0,1,1,1,0,0,1,1,1,1,0,0,1,1,0,1,0,0,0,1,0,1,
1755828201,0,1,1,0,1,0,0,0,1,0,1,0,0,1,1,1,1,1,0,0,1,1,1,1,1,1,1,0,1,0,0,1,
3728888629,1,1,0,1,1,1,1,0,0,1,0,0,0,0,1,0,0,1,0,1,0,0,1,1,0,0,1,1,0,1,0,1,
1306034907,0,1,0,0,1,1,0,1,1,1,0,1,1,0,0,0,1,0,0,0,0,0,1,0,1,1,0,1,1,0,1,1,
244176976,0,0,0,0,1,1,1,0,1,0,0,0,1,1,0,1,1,1,0,1,1,0,0,0,0,1,0,1,0,0,0,0,
2202474191,1,0,0,0,0,0,1,1,0,1,0,0,0,1,1,1,0,0,0,1,0,1,1,0,1,1,0,0,1,1,1,1,
029582169,0,0,0,0,0,0,0,1,1,1,0,0,0,0,1,1,0,1,1,0,0,0,1,1,0,1,0,1,1,0,0,1,
