3227741758,1,1,0,0,0,0,0,0,0,1,1,0,0,0,1,1,0,1,1,0,1,1,1,0,0,0,1,1,1,1,1,0,
451476113,0,0,0,1,1,0,1,0,1,1,1,0,1,0,0,0,1,1,1,1,1,0,1,0,1,0,0,1,0,0,0,1,
4156199008,1,1,1,1,0,1,1,1,1,0,1,1,1,0,1,0,1,0,0,1,0,0,0,0,0,1,1,0,0,0,0,0,
4122249538,1,1,1,1,0,1,0,1,1,0,1,1,0,1,0,0,1,0,0,0,1,0,0,1,0,1,0,0,0,0,1,0,
403710396,0,0,0,1,1,0,0,0,0,0,0,1,0,0,0,0,0,0,1,0,0,0,0,1,1,0,1,1,1,1,0,0,
2162812553,1,0,0,0,0,0,0,0,1,1,1,0,1,0,0,1,1,1,1,0,0,1,1,0,1,0,0,0,1,0,0,1,
2726545221,1,0,1,0,0,0,1,0,1,0,0,0,0,0,1,1,1,1,0,0,0,1,1,1,0,1,0,0,0,1,0,1,
302616309,0,0,0,1,0,0,1,0,0,0,0,0,1,0,0,1,1,0,0,0,1,1,1,0,1,1,1,1,0,1,0,1,
4034944643,1,1,1,1,0,0,0,0,1,0,0,0,0,0,0,0,0,1,0,1,1,1,1,0,1,0,0,0,0,0,1,1,
1523387415,0,1,0,1,1,0,1,0,1,1,0,0,1,1,0,1,0,0,0,0,1,1,0,0,0,0,0,1,0,1,1,1,
2438403097,1,0,0,1,0,0,0,1,0,1,0,1,0,1,1,1,0,0,0,1,0,1,0,0,0,0,0,1,1,0,0,1,
980135661,0,0,1,1,1,0,1,0,0,1,1,0,1,0,1,1,1,0,1,0,1,1,1,0,1,1,1,0,1,1,0,1,
3529294195,1,1,0,1,0,0,1,0,0,1,0,1,1,1,0,0,1,1,0,0,0,0,0,1,0,1,1,1,0,0,1,1,
706151756,0,0,1,0,1,0,1,0,0,0,0,1,0,1,1,1,0,0,0,0,0,1,0,1,0,1,0,0,1,1,0,0,
4161623408,1,1,1,1,1,0,0,0,0,0,0,0,1,1,0,1,0,1,0,1,0,1,0,1,0,1,1,1,0,0,0,0,
577377030,0,0,1,0,0,0,1,0,0,1,1,0,1,0,1,0,0,0,0,1,0,0,1,1,0,0,0,0,0,1,1,0,
4241828084,1,1,1,1,1,1,0,0,1,1,0,1,0,1,0,1,0,0,1,0,1,0,0,0,1,1,1,1,0,1,0,0,
216644205,0,0,0,0,1,1,0,0,1,1,1,0,1,0,0,1,1,0,1,1,1,0,1,0,0,1,1,0,1,1,0,1,
513678812,0,0,0,1,1,1,1,0,1,0,0,1,1,1,1,0,0,0,0,1,1,1,0,1,1,1,0,1,1,1,0,0,
1616794664,0,1,1,0,0,0,0,0,0,1,0,1,1,1,1,0,0,1,0,1,0,1,0,0,0,0,1,0,1,0,0,0,
3359848606,1,1,0,0,1,0,0,0,0,1,0,0,0,0,1,1,0,0,1,1,1,0,0,0,1,0,0,1,1,1,1,0,
2087202873,0,1,1,1,1,1,0,0,0,1,1,0,1,0,0,0,0,0,1,1,0,0,0,0,0,0,1,1,1,0,0,1,
1631511775,0,1,1,0,0,0,0,1,0,0,1,1,1,1,1,0,1,1,1,0,0,1,0,0,1,1,0,1,1,1,1,1,
2567549900,1,0,0,1,1,0,0,1,0,0,0,0,1,0,0,1,1,0,1,1,0,0,1,1,1,1,0,0,1,1,0,0,
2633686203,1,0,0,1,1,1,0,0,1,1,1,1,1,0,1,0,1,1,0,1,1,1,0,0,1,0,1,1,1,0,1,1,
3403011406,1,1,0,0,1,0,1,0,1,1,0,1,0,1,0,1,1,1,0,1,0,1,0,1,0,1,0,0,1,1,1,0,
1691042025,0,1,1,0,0,1,0,0,1,1,0,0,1,0,1,1,0,1,0,0,0,0,0,0,1,1,1,0,1,0,0,1,
2502822863,1,0,0,1,0,1,0,1,0,0,1,0,1,1,1,0,0,0,0,0,1,0,1,1,1,1,0,0,1,1,1,1,
3851076627,1,1,1,0,0,1,0,1,1,0,0,0,1,0,1,0,1,1,0,0,0,1,0,0,0,0,0,1,0,0,1,1,
2180844977,1,0,0,0,0,0,0,1,1,1,1,1,1,1,0,1,0,0,0,0,1,1,0,1,1,0,1,1,0,0,0,1,
1523693642,0,1,0,1,1,0,1,0,1,1,0,1,0,0,0,1,1,0,1,1,1,0,0,0,0,1,0,0,1,0,1,0,
2059098507,0,1,1,1,1,0,1,0,1,0,1,1,1,0,1,1,0,1,0,1,1,0,0,1,1,0,0,0,1,0,1,1,
2255042897,1,0,0,0,0,1,1,0,0,1,1,0,1,0,0,1,0,0,1,1,1,0,0,1,0,1,0,1,0,0,0,1,
502868871,0,0,0,1,1,1,0,1,1,1,1,1,1,0,0,1,0,0,1,0,1,0,1,1,1,0,0,0,0,1,1,1,
1543579469,0,1,0,1,1,1,0,0,0,0,0,0,0,0,0,1,0,0,1,0,0,1,1,1,0,1,0,0,1,1,0,1,
1046452504,0,0,1,1,1,1,1,0,0,1,0,1,1,1,1,1,1,0,0,1,1,0,0,1,0,0,0,1,1,0,0,0,
2045802869,0,1,1,1,1,0,0,1,1,1,1,1,0,0,0,0,0,1,1,1,1,0,0,1,0,1,1,1,0,1,0,1,
1431679771,0,1,0,1,0,1,0,1,0,1,0,1,0,1,0,1,1,0,1,1,0,0,1,1,0,0,0,1,1,0,1,1,
1651036895,0,1,1,0,0,0,1,0,0,1,1,0,1,0,0,0,1,1,0,1,0,0,1,0,1,1,0,1,1,1,1,1,
3997870447,1,1,1,0,1,1,1,0,0,1,0,0,1,0,1,0,1,0,1,0,1,0,0,1,0,1,1,0,1,1,1,1,
1227705083,0,1,0,0,1,0,0,1,0,0,1,0,1,1,0,1,0,1,0,0,1,0,1,0,1,1,1,1,1,0,1,1,
012996246,0,0,0,0,0,0,0,0,1,1,0,0,0,1,1,0,0,1,0,0,1,1,1,0,1,0,0,1,0,1,1,0,
467583139,0,0,0,1,1,0,1,1,1,1,0,1,1,1,1,0,1,1,0,0,0,0,0,0,1,0,1,0,0,0,1,1,
4284611692,1,1,1,1,1,1,1,1,0,1,1,0,0,0,0,1,1,1,1,1,1,1,0,0,0,1,1,0,1,1,0,0,
2183143358,1,0,0,0,0,0,1,0,0,0,1,0,0,0,0,0,0,0,0,1,1,1,1,1,1,0,1,1,1,1,1,0,
099492198,0,0,0,0,0,1,0,1,1,1,1,0,1,1,1,0,0,0,1,0,0,0,0,1,0,1,1,0,0,1,1,0,
3806432861,1,1,1,0,0,0,1,0,1,1,1,0,0,0,0,1,1,0,0,0,1,1,1,0,0,1,0,1,1,1,0,1,
4196624204,1,1,1,1,1,0,1,0,0,0,1,0,0,0,1,1,0,1,1,0,0,1,1,1,0,1,0,0,1,1,0,0,
3923966946,1,1,1,0,1,0,0,1,1,1,1,0,0,0,1,0,1,1,1,1,1,0,1,1,1,1,1,0,0,0,1,0,
1471805946,0,1,0,1,0,1,1,1,1,0,1,1,1,0,0,1,1,1,1,1,1,0,0,1,1,1,1,1,1,0,1,0,
1134753809,0,1,0,0,0,0,1,1,1,0,1,0,0,0,1,0,1,1,1,1,1,0,0,0,0,0,0,1,0,0,0,1,
884229676,0,0,1,1,0,1,0,0,1,0,1,1,0,1,0,0,0,1,0,0,0,1,1,0,0,0,1,0,1,1,0,0,
1941807334,0,1,1,1,0,0,1,1,1,0,1,1,1,1,0,1,1,0,1,0,0,0,0,0,1,1,1,0,0,1,1,0,
2168803692,1,0,0,0,0,0,0,1,0,1,0,0,0,1,0,1,0,1,0,1,0,0,0,1,0,1,1,0,1,1,0,0,
3868478677,1,1,1,0,0,1,1,0,1,0,0,1,0,1,0,0,0,1,0,0,1,1,0,0,1,1,0,1,0,1,0,1,
3925910447,1,1,1,0,1,0,1,0,0,0,0,0,0,0,0,0,1,0,1,0,0,0,1,1,1,0,1,0,1,1,1,1,
1063814873,0,0,1,1,1,1,1,1,0,1,1,0,1,0,0,0,1,0,0,0,0,1,1,0,1,1,0,1,1,0,0,1,
1434332787,0,1,0,1,0,1,0,1,0,1,1,1,1,1,1,0,0,0,1,0,1,1,1,0,0,1,1,1,0,0,1,1,
1697845828,0,1,1,0,0,1,0,1,0,0,1,1,0,0,1,1,0,0,0,1,0,0,1,0,0,1,0,0,0,1,0,0,
3759069239,1,1,1,0,0,0,0,0,0,0,0,0,1,1,1,0,1,1,0,1,1,0,0,0,0,0,1,1,0,1,1,1,
2528559921,1,0,0,1,0,1,1,0,1,0,1,1,0,1,1,0,1,1,0,0,0,0,1,1,0,0,1,1,0,0,0,1,
3070616274,1,0,1,1,0,1,1,1,0,0,0,0,0,1,0,1,1,1,1,0,0,0,1,0,1,1,0,1,0,0,1,0,
835753427,0,0,1,1,0,0,0,1,1,1,0,1,0,0,0,0,1,0,0,1,0,1,0,1,1,1,0,1,0,0,1,1,
4218700019,1,1,1,1,1,0,1,1,0,1,1,1,0,1,0,0,0,1,0,0,0,0,0,0,1,1,1,1,0,0,1,1,
3638350784,1,1,0,1,1,0,0,0,1,1,0,1,1,1,0,0,1,1,0,1,0,0,1,1,1,1,0,0,0,0,0,0,
2617898354,1,0,0,1,1,1,0,0,0,0,0,0,1,0,0,1,1,1,1,1,0,1,0,1,0,1,1,1,0,0,1,0,
510515879,0,0,0,1,1,1,1,0,0,1,1,0,1,1,0,1,1,1,0,1,1,0,1,0,1,0,1,0,0,1,1,1,
479658487,0,0,0,1,1,1,0,0,1,0,0,1,0,1,1,1,0,0,0,0,0,0,0,1,1,1,1,1,0,1,1,1,
3616489095,1,1,0,1,0,1,1,1,1,0,0,0,1,1,1,1,0,0,1,1,1,1,1,0,1,0,0,0,0,1,1,1,
3228222146,1,1,0,0,0,0,0,0,0,1,1,0,1,0,1,0,1,1,0,0,0,0,1,0,1,1,0,0,0,0,1,0,
3128836846,1,0,1,1,1,0,1,0,0,1,1,1,1,1,1,0,0,1,0,0,0,0,1,0,1,1,1,0,1,1,1,0,
1936035523,0,1,1,1,0,0,1,1,0,1,1,0,0,1,0,1,1,0,0,0,1,1,1,0,1,1,0,0,0,0,1,1,
799409920,0,0,1,0,1,1,1,1,1,0,1,0,0,1,1,0,0,0,0,0,0,1,1,1,0,0,0,0,0,0,0,0,
2105585227,0,1,1,1,1,1,0,1,1,0,0,0,0,0,0,0,1,0,1,0,1,1,1,0,0,1,0,0,1,0,1,1,
2764587262,1,0,1,0,0,1,0,0,1,1,0,0,1,0,0,0,0,1,0,0,0,0,0,0,1,1,1,1,1,1,1,0,
1003456521,0,0,1,1,1,0,1,1,1,1,0,0,1,1,1,1,1,0,0,0,1,0,0,0,0,0,0,0,1,0,0,1,
1296351610,0,1,0,0,1,1,0,1,0,1,0,0,0,1,0,0,1,1,0,0,0,0,0,1,0,1,1,1,1,0,1,0,
3035566728,1,0,1,1,0,1,0,0,1,1,1,0,1,1,1,1,0,0,0,1,0,0,1,0,1,0,0,0,1,0,0,0,
3556524690,1,1,0,1,0,0,1,1,1,1,1,1,1,1,0,0,0,1,0,0,0,0,1,0,1,0,0,1,0,0,1,0,
1245097656,0,1,0,0,1,0,1,0,0,0,1,1,0,1,1,0,1,0,1,0,1,1,1,0,1,0,1,1,1,0,0,0,
1727841106,0,1,1,0,0,1,1,0,1,1,1,1,1,1,0,0,1,1,0,0,0,0,1,1,0,1,0,1,0,0,1,0,
636728598,0,0,1,0,0,1,0,1,1,1,1,1,0,0,1,1,1,0,1,1,0,1,0,1,0,0,0,1,0,1,1,0,
4114185174,1,1,1,1,0,1,0,1,0,0,1,1,1,0,0,1,0,1,1,1,1,0,1,1,1,1,0,1,0,1,1,0,
2815481530,1,0,1,0,0,1,1,1,1,1,0,1,0,0,0,0,1,1,0,1,0,1,1,0,1,0,1,1,1,0,1,0,
3868646460,1,1,1,0,0,1,1,0,1,0,0,1,0,1,1,0,1,1,0,1,1,1,0,0,0,0,1,1,1,1,0,0,
3712935749,1,1,0,1,1,1,0,1,0,1,0,0,1,1,1,0,1,1,1,0,0,1,1,1,0,1,0,0,0,1,0,1,
234318871,0,0,0,0,1,1,0,1,1,1,1,1,0,1,1,1,0,1,1,0,1,1,0,0,0,0,0,1,0,1,1,1,
3825555108,1,1,1,0,0,1,0,0,0,0,0,0,0,1,0,1,0,1,0,1,0,1,1,0,1,0,1,0,0,1,0,0,
432936106,0,0,0,1,1,0,0,1,1,1,0,0,1,1,1,0,0,0,0,1,0,1,0,0,1,0,1,0,1,0,1,0,
2440690901,1,0,0,1,0,0,0,1,0,1,1,1,1,0,0,1,1,1,1,1,1,1,0,0,1,1,0,1,0,1,0,1,
1085789625,0,1,0,0,0,0,0,0,1,0,1,1,0,1,1,1,1,1,0,1,0,1,0,1,1,0,1,1,1,0,0,1,
1113660703,0,1,0,0,0,0,1,0,0,1,1,0,0,0,0,1,0,0,0,1,1,1,0,1,0,0,0,1,1,1,1,1,
087109144,0,0,0,0,0,1,0,1,0,0,1,1,0,0,0,1,0,0,1,0,1,1,1,0,0,0,0,1,1,0,0,0,
1960257562,0,1,1,1,0,1,0,0,1,1,0,1,0,1,1,1,0,0,1,0,1,0,0,0,0,0,0,1,1,0,1,0,
4002172684,1,1,1,0,1,1,1,0,1,0,0,0,1,1,0,0,0,1,0,0,1,1,1,1,0,0,0,0,1,1,0,0,
4228727485,1,1,1,1,1,1,0,0,0,0,0,0,1,1,0,1,0,1,0,0,0,0,1,0,1,0,1,1,1,1,0,1,
4151865287,1,1,1,1,0,1,1,1,0,1,1,1,1,0,0,0,0,1,1,0,1,1,1,1,1,1,0,0,0,1,1,1,
1743195496,0,1,1,0,0,1,1,1,1,1,1,0,0,1,1,1,0,0,0,0,1,1,0,1,0,1,1,0,1,0,0,0,
1591460212,0,1,0,1,1,1,1,0,1,1,0,1,1,0,1,1,1,1,0,0,0,0,0,1,0,1,1,1,0,1,0,0,
1293982903,0,1,0,0,1,1,0,1,0,0,1,0,0,0,0,0,1,0,0,1,1,1,0,0,1,0,1,1,0,1,1,1,
106145584,0,0,0,0,0,1,1,0,0,1,0,1,0,0,1,1,1,0,1,0,0,1,1,1,0,0,1,1,0,0,0,0,
579240410,0,0,1,0,0,0,1,0,1,0,0,0,0,1,1,0,1,0,0,0,0,0,0,1,1,1,0,1,1,0,1,0,
590108509,0,0,1,0,0,0,1,1,0,0,1,0,1,1,0,0,0,1,0,1,0,1,1,1,0,1,0,1,1,1,0,1,
441329239,0,0,0,1,1,0,1,0,0,1,0,0,1,1,1,0,0,0,1,0,0,1,1,0,0,1,0,1,0,1,1,1,
3467205769,1,1,0,0,1,1,1,0,1,0,1,0,1,0,0,1,0,1,0,1,1,1,0,0,1,0,0,0,1,0,0,1,
4198389727,1,1,1,1,1,0,1,0,0,0,1,1,1,1,1,0,0,1,0,1,0,1,1,1,1,1,0,1,1,1,1,1,
1323177857,0,1,0,0,1,1,1,0,1,1,0,1,1,1,1,0,0,0,0,1,0,1,1,1,1,0,0,0,0,0,0,1,
529083077,0,0,0,1,1,1,1,1,1,0,0,0,1,0,0,1,0,0,1,0,1,0,1,0,1,1,0,0,0,1,0,1,
3049668782,1,0,1,1,0,1,0,1,1,1,0,0,0,1,1,0,0,1,0,0,0,0,0,0,1,0,1,0,1,1,1,0,
3991731828,1,1,1,0,1,1,0,1,1,1,1,0,1,1,0,0,1,1,1,1,1,1,1,0,0,1,1,1,0,1,0,0,
2531081042,1,0,0,1,0,1,1,0,1,1,0,1,1,1,0,1,0,0,1,1,1,0,1,1,0,1,0,1,0,0,1,0,
1460215427,0,1,0,1,0,1,1,1,0,0,0,0,1,0,0,1,0,0,0,1,1,1,1,0,1,0,0,0,0,0,1,1,
149921940,0,0,0,0,1,0,0,0,1,1,1,0,1,1,1,1,1,0,1,0,0,0,0,0,1,0,0,1,0,1,0,0,
4133367208,1,1,1,1,0,1,1,0,0,1,0,1,1,1,1,0,0,0,1,0,1,1,0,1,1,0,1,0,1,0,0,0,
638333304,0,0,1,0,0,1,1,0,0,0,0,0,1,1,0,0,0,0,1,1,0,0,0,1,0,1,1,1,1,0,0,0,
1756636539,0,1,1,0,1,0,0,0,1,0,1,1,0,1,0,0,0,0,1,0,0,1,0,1,0,1,1,1,1,0,1,1,
3501963220,1,1,0,1,0,0,0,0,1,0,1,1,1,0,1,1,1,0,1,1,0,1,1,1,1,1,0,1,0,1,0,0,
1318109948,0,1,0,0,1,1,1,0,1,0,0,1,0,0,0,0,1,1,0,0,0,0,1,0,1,1,1,1,1,1,0,0,
1763663615,0,1,1,0,1,0,0,1,0,0,0,1,1,1,1,1,0,1,0,1,1,1,1,0,1,1,1,1,1,1,1,1,
394966845,0,0,0,1,0,1,1,1,1,0,0,0,1,0,1,0,1,0,1,1,0,1,1,1,0,0,1,1,1,1,0,1,
3881851847,1,1,1,0,0,1,1,1,0,1,1,0,0,0,0,0,0,1,0,1,1,0,1,1,1,1,0,0,0,1,1,1,
2385305808,1,0,0,0,1,1,1,0,0,0,1,0,1,1,0,0,1,1,1,0,0,0,0,0,1,1,0,1,0,0,0,0,
3695604602,1,1,0,1,1,1,0,0,0,1,0,0,0,1,1,0,0,1,1,1,0,0,1,1,0,1,1,1,1,0,1,0,
962442003,0,0,1,1,1,0,0,1,0,1,0,1,1,1,0,1,1,0,1,1,0,0,1,1,0,0,0,1,0,0,1,1,
2349723563,1,0,0,0,1,1,0,0,0,0,0,0,1,1,0,1,1,1,1,0,1,1,1,1,1,0,1,0,1,0,1,1,
709854149,0,0,1,0,1,0,1,0,0,1,0,0,1,1,1,1,1,0,0,0,0,0,1,1,1,1,0,0,0,1,0,1,
3614085984,1,1,0,1,0,1,1,1,0,1,1,0,1,0,1,0,1,0,0,1,0,0,1,1,0,1,1,0,0,0,0,0,
2707110847,1,0,1,0,0,0,0,1,0,1,0,1,1,0,1,1,0,0,1,1,1,0,1,1,1,0,1,1,1,1,1,1,
1298823792,0,1,0,0,1,1,0,1,0,1,1,0,1,0,1,0,0,1,1,1,1,0,1,0,0,1,1,1,0,0,0,0,
3918993787,1,1,1,0,1,0,0,1,1,0,0,1,0,1,1,1,0,0,0,1,1,0,0,1,0,1,1,1,1,0,1,1,
2593379449,1,0,0,1,1,0,1,0,1,0,0,1,0,0,1,1,1,1,0,1,0,1,0,0,0,1,1,1,1,0,0,1,
503905426,0,0,0,1,1,1,1,0,0,0,0,0,1,0,0,0,1,1,1,1,1,1,0,0,1,0,0,1,0,0,1,0,
2560740309,1,0,0,1,1,0,0,0,1,0,1,0,0,0,0,1,1,1,0,0,1,0,1,1,1,1,0,1,0,1,0,1,
3125083048,1,0,1,1,1,0,1,0,0,1,0,0,0,1,0,0,1,1,1,1,1,0,1,1,1,0,1,0,1,0,0,0,
2031279908,0,1,1,1,1,0,0,1,0,0,0,1,0,0,1,0,1,1,0,1,1,1,1,1,0,0,1,0,0,1,0,0,
1988291217,0,1,1,1,0,1,1,0,1,0,0,0,0,0,1,0,1,1,1,0,1,0,1,0,1,0,0,1,0,0,0,1,
3688424543,1,1,0,1,1,0,1,1,1,1,0,1,1,0,0,0,1,1,1,0,0,1,0,0,0,1,0,1,1,1,1,1,
2120675506,0,1,1,1,1,1,1,0,0,1,1,0,0,1,1,0,1,1,1,1,0,0,0,0,1,0,1,1,0,0,1,0,
599781468,0,0,1,0,0,0,1,1,1,0,1,1,1,1,1,1,1,1,1,1,0,0,0,0,0,1,0,1,1,1,0,0,
028207411,0,0,0,0,0,0,0,1,1,0,1,0,1,1,1,0,0,1,1,0,1,0,0,1,0,0,1,1,0,0,1,1,
2799304536,1,0,1,0,0,1,1,0,1,1,0,1,1,0,0,1,1,1,1,1,1,1,1,1,0,1,0,1,1,0,0,0,
153801633,0,0,0,0,1,0,0,1,0,0,1,0,1,0,1,0,1,1,0,1,0,0,1,1,1,0,1,0,0,0,0,1,
3621583132,1,1,0,1,0,1,1,1,1,1,0,1,1,1,0,0,1,1,1,1,1,0,0,1,0,0,0,1,1,1,0,0,
746117975,0,0,1,0,1,1,0,0,0,1,1,1,1,0,0,0,1,1,0,1,1,0,1,1,0,1,0,1,0,1,1,1,
4032368092,1,1,1,1,0,0,0,0,0,1,0,1,1,0,0,1,0,0,0,0,1,1,0,1,1,1,0,1,1,1,0,0,
1375562506,0,1,0,1,0,0,0,1,1,1,1,1,1,1,0,1,0,1,1,0,1,0,1,1,0,0,0,0,1,0,1,0,
3453028263,1,1,0,0,1,1,0,1,1,1,0,1,0,0,0,1,0,0,0,0,0,1,1,1,1,0,1,0,0,1,1,1,
2873585692,1,0,1,0,1,0,1,1,0,1,0,0,0,1,1,1,0,1,1,1,0,0,0,0,0,0,0,1,1,1,0,0,
2647244151,1,0,0,1,1,1,0,1,1,1,0,0,1,0,0,1,1,0,1,1,1,1,0,1,0,1,1,1,0,1,1,1,
3208529176,1,0,1,1,1,1,1,1,0,0,1,1,1,1,1,0,0,1,0,0,0,1,0,1,0,0,0,1,1,0,0,0,
1071460691,0,0,1,1,1,1,1,1,1,1,0,1,1,1,0,1,0,0,1,1,0,0,0,1,0,1,0,1,0,0,1,1,
966669794,0,0,1,1,1,0,0,1,1,0,0,1,1,1,1,0,0,0,1,1,0,1,0,1,1,1,1,0,0,0,1,0,
4197691077,1,1,1,1,1,0,1,0,0,0,1,1,0,0,1,1,1,0,1,0,1,1,1,0,1,1,0,0,0,1,0,1,
3266165745,1,1,0,0,0,0,1,0,1,0,1,0,1,1,0,1,1,0,1,1,1,0,1,1,1,1,1,1,0,0,0,1,
1043890110,0,0,1,1,1,1,1,0,0,0,1,1,1,0,0,0,0,1,1,1,1,1,1,1,1,0,1,1,1,1,1,0,
1151128666,0,1,0,0,0,1,0,0,1,0,0,1,1,1,0,0,1,1,0,1,0,1,0,0,0,1,0,1,1,0,1,0,
2918017489,1,0,1,0,1,1,0,1,1,1,1,0,1,1,0,1,0,1,1,0,1,0,0,1,1,1,0,1,0,0,0,1,
2759730070,1,0,1,0,0,1,0,0,0,1,1,1,1,1,1,0,0,0,1,0,0,0,1,1,1,0,0,1,0,1,1,0,
3697489762,1,1,0,1,1,1,0,0,0,1,1,0,0,0,1,1,0,0,1,1,0,1,1,1,0,1,1,0,0,0,1,0,
2346807438,1,0,0,0,1,0,1,1,1,1,1,0,0,0,0,1,0,1,1,1,0,0,0,0,1,0,0,0,1,1,1,0,
4041070685,1,1,1,1,0,0,0,0,1,1,0,1,1,1,0,1,1,1,0,1,1,0,0,0,0,1,0,1,1,1,0,1,
1483167796,0,1,0,1,1,0,0,0,0,1,1,0,0,1,1,1,0,1,0,1,1,0,0,0,0,0,1,1,0,1,0,0,
3589626130,1,1,0,1,0,1,0,1,1,1,1,1,0,1,0,1,0,1,0,1,1,0,0,1,0,0,0,1,0,0,1,0,
1126809992,0,1,0,0,0,0,1,1,0,0,1,0,1,0,0,1,1,1,0,0,0,0,0,1,1,0,0,0,1,0,0,0,
250147855,0,0,0,0,1,1,1,0,1,1,1,0,1,0,0,0,1,1,1,1,0,1,0,0,0,0,0,0,1,1,1,1,
1767860917,0,1,1,0,1,0,0,1,0,1,0,1,1,1,1,1,0,1,1,0,1,0,1,0,1,0,1,1,0,1,0,1,
1887081265,0,1,1,1,0,0,0,0,0,1,1,1,1,0,1,0,1,0,0,1,0,0,1,1,0,0,1,1,0,0,0,1,
3813038893,1,1,1,0,0,0,1,1,0,1,0,0,0,1,1,0,0,1,0,1,1,0,1,1,0,0,1,0,1,1,0,1,
502339095,0,0,0,1,1,1,0,1,1,1,1,1,0,0,0,1,0,0,0,1,0,1,1,0,0,0,0,1,0,1,1,1,
2274375111,1,0,0,0,0,1,1,1,1,0,0,1,0,0,0,0,0,0,1,1,0,1,0,1,1,1,0,0,0,1,1,1,
2022749338,0,1,1,1,1,0,0,0,1,0,0,1,0,0,0,0,1,0,1,1,0,1,0,0,1,0,0,1,1,0,1,0,
4220890350,1,1,1,1,1,0,1,1,1,0,0,1,0,1,0,1,1,0,1,0,1,1,0,0,1,1,1,0,1,1,1,0,
2339526557,1,0,0,0,1,0,1,1,0,1,1,1,0,0,1,0,0,1,0,1,0,1,1,1,1,0,0,1,1,1,0,1,
568218087,0,0,1,0,0,0,0,1,1,1,0,1,1,1,1,0,0,1,0,1,0,0,0,1,1,1,1,0,0,1,1,1,
2072133472,0,1,1,1,1,0,1,1,1,0,0,0,0,0,1,0,0,0,1,1,1,1,1,1,0,1,1,0,0,0,0,0,
1365534273,0,1,0,1,0,0,0,1,0,1,1,0,0,1,0,0,0,1,1,0,0,1,1,0,0,1,0,0,0,0,0,1,
1422581169,0,1,0,1,0,1,0,0,1,1,0,0,1,0,1,0,1,1,0,1,1,1,0,1,1,0,1,1,0,0,0,1,
3796243830,1,1,1,0,0,0,1,0,0,1,0,0,0,1,1,0,0,0,0,1,0,1,0,1,0,1,1,1,0,1,1,0,
2764887451,1,0,1,0,0,1,0,0,1,1,0,0,1,1,0,0,1,1,0,1,0,1,0,1,1,0,0,1,1,0,1,1,
1233847264,0,1,0,0,1,0,0,1,1,0,0,0,1,0,1,1,0,0,0,0,0,0,1,1,1,1,1,0,0,0,0,0,
4255957718,1,1,1,1,1,1,0,1,1,0,1,0,1,1,0,0,1,1,0,0,0,0,1,0,1,1,0,1,0,1,1,0,
2562590759,1,0,0,1,1,0,0,0,1,0,1,1,1,1,1,0,0,0,0,0,1,0,0,0,0,0,1,0,0,1,1,1,
3891866659,1,1,1,0,0,1,1,1,1,1,1,1,1,0,0,1,0,0,1,0,1,1,0,0,0,0,1,0,0,0,1,1,
3822402315,1,1,1,0,0,0,1,1,1,1,0,1,0,1,0,1,0,0,1,1,1,0,1,1,0,0,0,0,1,0,1,1,
1832912513,0,1,1,0,1,1,0,1,0,1,0,0,0,0,0,0,0,0,0,0,0,1,1,0,1,0,0,0,0,0,0,1,
3750334468,1,1,0,1,1,1,1,1,1,0,0,0,1,0,0,1,1,0,0,1,0,0,0,0,0,0,0,0,0,1,0,0,
3669440139,1,1,0,1,1,0,1,0,1,0,1,1,0,1,1,1,0,0,1,1,0,1,1,0,1,0,0,0,1,0,1,1,
1956791406,0,1,1,1,0,1,0,0,1,0,1,0,0,0,1,0,0,1,0,0,0,1,0,0,0,1,1,0,1,1,1,0,
2523591793,1,0,0,1,0,1,1,0,0,1,1,0,1,0,1,0,1,1,1,1,0,1,0,0,0,1,1,1,0,0,0,1,
3000663180,1,0,1,1,0,0,1,0,1,1,0,1,1,0,1,0,0,1,1,1,1,1,0,0,1,0,0,0,1,1,0,0,
1468136489,0,1,0,1,0,1,1,1,1,0,0,0,0,0,0,1,1,1,1,1,1,1,0,0,0,0,1,0,1,0,0,1,
315296963,0,0,0,1,0,0,1,0,1,1,0,0,1,0,1,1,0,0,0,0,1,1,0,0,1,1,0,0,0,0,1,1,
2839200142,1,0,1,0,1,0,0,1,0,0,1,1,1,0,1,0,1,1,0,0,0,0,0,1,1,0,0,0,1,1,1,0,
314783962,0,0,0,1,0,0,1,0,1,1,0,0,0,0,1,1,0,0,1,1,1,0,0,0,1,1,0,1,1,0,1,0,
1343484231,0,1,0,1,0,0,0,0,0,0,0,1,0,0,1,1,1,1,1,1,0,0,0,1,0,1,0,0,0,1,1,1,
708081441,0,0,1,0,1,0,1,0,0,0,1,1,0,1,0,0,0,1,1,1,0,1,1,1,0,0,1,0,0,0,0,1,
304101836,0,0,0,1,0,0,1,0,0,0,1,0,0,0,0,0,0,0,1,1,1,0,0,1,1,1,0,0,1,1,0,0,
900703743,0,0,1,1,0,1,0,1,1,0,1,0,1,1,1,1,1,0,1,0,0,1,0,1,1,1,1,1,1,1,1,1,
228450920,0,0,0,0,1,1,0,1,1,0,0,1,1,1,0,1,1,1,1,0,0,0,1,0,0,1,1,0,1,0,0,0,
110934463,0,0,0,0,0,1,1,0,1,0,0,1,1,1,0,0,1,0,1,1,1,0,0,1,1,0,1,1,1,1,1,1,
025380685,0,0,0,0,0,0,0,1,1,0,0,0,0,0,1,1,0,1,0,0,0,1,1,1,0,1,0,0,1,1,0,1,
3696906032,1,1,0,1,1,1,0,0,0,1,0,1,1,0,1,0,0,1,0,0,1,1,1,1,0,0,1,1,0,0,0,0,
053477024,0,0,0,0,0,0,1,1,0,0,1,0,1,1,1,1,1,1,1,1,1,1,1,0,1,0,1,0,0,0,0,0,
1668009415,0,1,1,0,0,0,1,1,0,1,1,0,1,0,1,1,1,1,0,0,1,1,0,1,1,1,0,0,0,1,1,1,
986574924,0,0,1,1,1,0,1,0,1,1,0,0,1,1,0,1,1,1,1,1,0,0,0,0,0,1,0,0,1,1,0,0,
578801498,0,0,1,0,0,0,1,0,0,1,1,1,1,1,1,1,1,1,0,0,1,1,1,1,0,1,0,1,1,0,1,0,
3892252931,1,1,1,0,0,1,1,1,1,1,1,1,1,1,1,1,0,0,0,1,0,0,0,1,0,0,0,0,0,0,1,1,
4115524996,1,1,1,1,0,1,0,1,0,1,0,0,1,1,0,1,1,1,1,0,1,1,0,1,1,0,0,0,0,1,0,0,
4044406035,1,1,1,1,0,0,0,1,0,0,0,1,0,0,0,0,1,0,1,1,1,1,0,1,0,0,0,1,0,0,1,1,
2755007615,1,0,1,0,0,1,0,0,0,0,1,1,0,1,1,0,0,0,0,1,0,1,0,0,0,1,1,1,1,1,1,1,
296658783,0,0,0,1,0,0,0,1,1,0,1,0,1,1,1,0,1,0,1,0,0,1,1,1,0,1,0,1,1,1,1,1,
2752186965,1,0,1,0,0,1,0,0,0,0,0,0,1,0,1,1,0,0,0,0,1,0,1,0,0,1,0,1,0,1,0,1,
1535733210,0,1,0,1,1,0,1,1,1,0,0,0,1,0,0,1,0,1,1,0,1,1,0,1,1,1,0,1,1,0,1,0,
1920545671,0,1,1,1,0,0,1,0,0,1,1,1,1,0,0,1,0,0,1,1,0,0,1,1,1,0,0,0,0,1,1,1,
906995158,0,0,1,1,0,1,1,0,0,0,0,0,1,1,1,1,1,0,1,0,0,1,0,1,1,1,0,1,0,1,1,0,
1102737237,0,1,0,0,0,0,0,1,1,0,1,1,1,0,1,0,0,1,1,0,1,1,1,1,0,1,0,1,0,1,0,1,
1595179987,0,1,0,1,1,1,1,1,0,0,0,1,0,1,0,0,1,0,0,0,0,0,1,1,1,1,0,1,0,0,1,1,
3289171019,1,1,0,0,0,1,0,0,0,0,0,0,1,1,0,0,1,1,0,0,0,1,0,0,0,1,0,0,1,0,1,1,
3632726783,1,1,0,1,1,0,0,0,1,0,0,0,0,1,1,1,0,0,0,0,0,0,1,0,1,1,1,1,1,1,1,1,
268000230,0,0,0,0,1,1,1,1,1,1,1,1,1,0,0,1,0,1,0,1,1,0,1,1,1,1,1,0,0,1,1,0,
2787958632,1,0,1,0,0,1,1,0,0,0,1,0,1,1,0,0,1,1,0,1,1,1,1,1,0,1,1,0,1,0,0,0,
1716865145,0,1,1,0,0,1,1,0,0,1,0,1,0,1,0,1,0,1,0,0,1,0,0,0,0,1,1,1,1,0,0,1,
1359990734,0,1,0,1,0,0,0,1,0,0,0,0,1,1,1,1,1,1,0,0,1,1,1,1,1,1,0,0,1,1,1,0,
2073183326,0,1,1,1,1,0,1,1,1,0,0,1,0,0,1,0,0,1,0,0,0,1,0,0,0,1,0,1,1,1,1,0,
3872747199,1,1,1,0,0,1,1,0,1,1,0,1,0,1,0,1,0,1,1,0,1,1,1,0,1,0,1,1,1,1,1,1,
192551696,0,0,0,0,1,0,1,1,0,1,1,1,1,0,1,0,0,0,0,1,1,0,1,1,0,0,0,1,0,0,0,0,
2119595394,0,1,1,1,1,1,1,0,0,1,0,1,0,1,1,0,0,1,1,1,0,1,0,1,1,0,0,0,0,0,1,0,
4044426762,1,1,1,1,0,0,0,1,0,0,0,1,0,0,0,1,0,0,0,0,1,1,1,0,0,0,0,0,1,0,1,0,
1849064762,0,1,1,0,1,1,1,0,0,0,1,1,0,1,1,0,0,1,1,1,1,1,0,1,0,0,1,1,1,0,1,0,
2276397669,1,0,0,0,0,1,1,1,1,0,1,0,1,1,1,1,0,0,0,1,0,0,1,0,0,1,1,0,0,1,0,1,
2793792298,1,0,1,0,0,1,1,0,1,0,0,0,0,1,0,1,1,1,1,0,0,0,1,1,0,0,1,0,1,0,1,0,
1941536523,0,1,1,1,0,0,1,1,1,0,1,1,1,0,0,1,0,1,1,1,1,1,1,1,0,0,0,0,1,0,1,1,
1755124071,0,1,1,0,1,0,0,0,1,0,0,1,1,1,0,1,0,0,0,1,0,0,0,1,0,1,1,0,0,1,1,1,
600208468,0,0,1,0,0,0,1,1,1,1,0,0,0,1,1,0,0,1,1,1,0,1,0,0,0,1,0,1,0,1,0,0,
940272672,0,0,1,1,1,0,0,0,0,0,0,0,1,0,1,1,0,1,1,0,1,1,0,0,0,0,1,0,0,0,0,0,
4202487473,1,1,1,1,1,0,1,0,0,1,1,1,1,1,0,0,1,1,0,1,1,1,1,0,1,0,1,1,0,0,0,1,
715124493,0,0,1,0,1,0,1,0,1,0,0,1,1,1,1,1,1,1,1,0,1,1,1,1,0,0,0,0,1,1,0,1,
4215145637,1,1,1,1,1,0,1,1,0,0,1,1,1,1,1,0,0,0,0,0,0,1,0,0,1,0,1,0,0,1,0,1,
1838881789,0,1,1,0,1,1,0,1,1,0,0,1,1,0,1,1,0,0,0,1,1,0,1,1,1,1,1,1,1,1,0,1,
1062022072,0,0,1,1,1,1,1,1,0,1,0,0,1,1,0,1,0,0,1,0,1,0,1,1,1,0,1,1,1,0,0,0,
4063922318,1,1,1,1,0,0,1,0,0,0,1,1,1,0,1,0,1,0,0,0,1,0,0,0,1,0,0,0,1,1,1,0,
222206145,0,0,0,0,1,1,0,1,0,0,1,1,1,1,1,0,1,0,0,1,1,0,0,0,1,1,0,0,0,0,0,1,
3059846279,1,0,1,1,0,1,1,0,0,1,1,0,0,0,0,1,1,0,0,0,1,1,0,0,1,0,0,0,0,1,1,1,
2972030569,1,0,1,1,0,0,0,1,0,0,1,0,0,1,0,1,1,0,0,1,0,1,1,0,0,1,1,0,1,0,0,1,
1761350760,0,1,1,0,1,0,0,0,1,1,1,1,1,1,0,0,0,0,0,1,0,1,0,0,0,1,1,0,1,0,0,0,
1878994451,0,1,1,0,1,1,1,1,1,1,1,1,1,1,1,1,0,0,1,0,1,1,1,0,0,0,0,1,0,0,1,1,
1047124851,0,0,1,1,1,1,1,0,0,1,1,0,1,0,0,1,1,1,0,1,1,0,1,1,0,1,1,1,0,0,1,1,
3674191667,1,1,0,1,1,0,1,0,1,1,1,1,1,1,1,1,1,0,1,1,0,1,1,1,0,0,1,1,0,0,1,1,
3370973057,1,1,0,0,1,0,0,0,1,1,1,0,1,1,0,0,1,1,1,1,0,1,1,1,1,0,0,0,0,0,0,1,
1882109228,0,1,1,1,0,0,0,0,0,0,1,0,1,1,1,0,1,0,1,1,0,1,0,1,0,0,1,0,1,1,0,0,
3701392657,1,1,0,1,1,1,0,0,1,0,0,1,1,1,1,0,1,1,0,0,0,1,0,1,0,0,0,1,0,0,0,1,
2978307829,1,0,1,1,0,0,0,1,1,0,0,0,0,1,0,1,0,1,0,1,1,1,1,0,1,1,1,1,0,1,0,1,
1604871354,0,1,0,1,1,1,1,1,1,0,1,0,1,0,0,0,0,1,1,0,0,1,0,0,1,0,1,1,1,0,1,0,
2723414305,1,0,1,0,0,0,1,0,0,1,0,1,0,1,0,0,0,0,0,0,0,0,0,1,0,0,1,0,0,0,0,1,
1697149065,0,1,1,0,0,1,0,1,0,0,1,0,1,0,0,0,0,1,1,1,0,0,0,0,1,0,0,0,1,0,0,1,
610283669,0,0,1,0,0,1,0,0,0,1,1,0,0,0,0,0,0,0,1,1,0,0,0,0,1,0,0,1,0,1,0,1,
4185096416,1,1,1,1,1,0,0,1,0,1,1,1,0,0,1,1,1,0,0,0,0,0,0,0,1,1,1,0,0,0,0,0,
3896953304,1,1,1,0,1,0,0,0,0,1,0,0,0,1,1,0,1,1,0,0,1,0,0,1,1,1,0,1,1,0,0,0,
3340558811,1,1,0,0,0,1,1,1,0,0,0,1,1,1,0,0,1,1,1,0,0,0,0,1,1,1,0,1,1,0,1,1,
3151491112,1,0,1,1,1,0,1,1,1,1,0,1,0,1,1,1,1,1,1,1,0,0,0,0,0,0,1,0,1,0,0,0,
1361950129,0,1,0,1,0,0,0,1,0,0,1,0,1,1,0,1,1,0,1,1,0,1,0,1,1,0,1,1,0,0,0,1,
778579771,0,0,1,0,1,1,1,0,0,1,1,0,1,0,0,0,0,0,1,0,1,1,1,1,0,0,1,1,1,0,1,1,
2316956857,1,0,0,0,1,0,1,0,0,0,0,1,1,0,0,1,1,1,1,1,0,1,0,0,1,0,1,1,1,0,0,1,
3926924260,1,1,1,0,1,0,1,0,0,0,0,1,0,0,0,0,0,0,0,1,1,0,1,1,1,1,1,0,0,1,0,0,
2570879664,1,0,0,1,1,0,0,1,0,0,1,1,1,1,0,0,1,0,0,0,0,0,1,0,1,0,1,1,0,0,0,0,
203041713,0,0,0,0,1,1,0,0,0,0,0,1,1,0,1,0,0,0,1,0,1,0,1,1,1,0,1,1,0,0,0,1,
1663149350,0,1,1,0,0,0,1,1,0,0,1,0,0,0,0,1,1,0,1,0,0,1,0,1,0,0,1,0,0,1,1,0,
1399185939,0,1,0,1,0,0,1,1,0,1,1,0,0,1,0,1,1,1,1,0,0,0,1,0,0,0,0,1,0,0,1,1,
2781618371,1,0,1,0,0,1,0,1,1,1,0,0,1,1,0,0,0,0,1,0,0,0,0,0,1,1,0,0,0,0,1,1,
728632151,0,0,1,0,1,0,1,1,0,1,1,0,1,1,1,0,0,0,0,0,1,0,1,1,0,1,0,1,0,1,1,1,
3135330287,1,0,1,1,1,0,1,0,1,1,1,0,0,0,0,1,0,1,0,1,0,1,1,1,1,1,1,0,1,1,1,1,
2434301720,1,0,0,1,0,0,0,1,0,0,0,1,1,0,0,0,0,1,1,1,1,1,1,1,0,0,0,1,1,0,0,0,
1120235316,0,1,0,0,0,0,1,0,1,1,0,0,0,1,0,1,0,1,1,0,1,1,1,1,0,0,1,1,0,1,0,0,
3939006574,1,1,1,0,1,0,1,0,1,1,0,0,1,0,0,0,0,1,1,1,1,0,0,0,0,1,1,0,1,1,1,0,
263624471,0,0,0,0,1,1,1,1,1,0,1,1,0,1,1,0,1,0,0,1,0,1,1,1,0,0,0,1,0,1,1,1,
1205766069,0,1,0,0,0,1,1,1,1,1,0,1,1,1,1,0,1,0,0,0,0,1,1,1,1,0,1,1,0,1,0,1,
3013423656,1,0,1,1,0,0,1,1,1,0,0,1,1,1,0,1,0,0,1,1,0,0,1,0,0,0,1,0,1,0,0,0,
478809759,0,0,0,1,1,1,0,0,1,0,0,0,1,0,1,0,0,0,0,0,1,1,1,0,1,0,0,1,1,1,1,1,
252873616,0,0,0,0,1,1,1,1,0,0,0,1,0,0,1,0,1,0,0,0,1,0,1,1,1,0,0,1,0,0,0,0,
1444954684,0,1,0,1,0,1,1,0,0,0,1,0,0,0,0,0,0,1,0,0,0,0,1,0,0,0,1,1,1,1,0,0,
2680399130,1,0,0,1,1,1,1,1,1,1,0,0,0,0,1,1,1,0,1,0,0,1,0,1,0,0,0,1,1,0,1,0,
4132220524,1,1,1,1,0,1,1,0,0,1,0,0,1,1,0,0,1,0,1,0,1,1,1,0,0,1,1,0,1,1,0,0,
220604645,0,0,0,0,1,1,0,1,0,0,1,0,0,1,1,0,0,0,1,0,1,0,0,0,1,1,1,0,0,1,0,1,
1385831280,0,1,0,1,0,0,1,0,1,0,0,1,1,0,1,0,0,0,0,1,1,0,1,1,0,1,1,1,0,0,0,0,
3528816154,1,1,0,1,0,0,1,0,0,1,0,1,0,1,0,1,0,1,1,1,0,1,1,0,0,0,0,1,1,0,1,0,
1084131088,0,1,0,0,0,0,0,0,1,0,0,1,1,1,1,0,1,0,0,0,0,1,1,1,0,0,0,1,0,0,0,0,
3045920084,1,0,1,1,0,1,0,1,1,0,0,0,1,1,0,1,0,0,0,0,1,1,0,1,0,1,0,1,0,1,0,0,
2474281572,1,0,0,1,0,0,1,1,0,1,1,1,1,0,1,0,1,0,0,0,1,0,1,0,0,1,1,0,0,1,0,0,
2397082116,1,0,0,0,1,1,1,0,1,1,1,0,0,0,0,0,1,0,0,1,0,0,1,0,0,0,0,0,0,1,0,0,
1198972640,0,1,0,0,0,1,1,1,0,1,1,1,0,1,1,0,1,1,0,1,1,1,1,0,1,1,1,0,0,0,0,0,
2379353072,1,0,0,0,1,1,0,1,1,1,0,1,0,0,1,0,0,0,0,0,1,0,1,1,1,1,1,1,0,0,0,0,
2841669247,1,0,1,0,1,0,0,1,0,1,1,0,0,0,0,0,0,1,1,0,1,1,1,0,0,1,1,1,1,1,1,1,
2307764937,1,0,0,0,1,0,0,1,1,0,0,0,1,1,0,1,1,0,1,1,0,0,1,0,1,1,0,0,1,0,0,1,
1830385565,0,1,1,0,1,1,0,1,0,0,0,1,1,0,0,1,0,1,1,1,0,1,1,1,1,0,0,1,1,1,0,1,
771473803,0,0,1,0,1,1,0,1,1,1,1,1,1,0,1,1,1,1,0,0,0,0,0,1,1,0,0,0,1,0,1,1,
2131507673,0,1,1,1,1,1,1,1,0,0,0,0,1,1,0,0,0,0,1,1,1,0,0,1,1,1,0,1,1,0,0,1,
1196672765,0,1,0,0,0,1,1,1,0,1,0,1,0,0,1,1,1,1,0,0,0,1,1,0,1,1,1,1,1,1,0,1,
221316116,0,0,0,0,1,1,0,1,0,0,1,1,0,0,0,1,0,0,0,0,0,1,0,0,0,0,0,1,0,1,0,0,
442632300,0,0,0,1,1,0,1,0,0,1,1,0,0,0,1,0,0,0,0,0,1,0,0,0,0,1,1,0,1,1,0,0,
982981398,0,0,1,1,1,0,1,0,1,0,0,1,0,1,1,1,0,0,0,1,1,0,1,1,0,0,0,1,0,1,1,0,
036153006,0,0,0,0,0,0,1,0,0,0,1,0,0,1,1,1,1,0,1,0,0,1,1,0,1,0,1,0,1,1,1,0,
2622441920,1,0,0,1,1,1,0,0,0,1,0,0,1,1,1,1,0,1,0,0,1,0,0,1,1,1,0,0,0,0,0,0,
967339384,0,0,1,1,1,0,0,1,1,0,1,0,1,0,0,0,0,1,1,0,1,1,0,1,0,1,1,1,1,0,0,0,
314057429,0,0,0,1,0,0,1,0,1,0,1,1,1,0,0,0,0,0,1,0,0,0,1,0,1,1,0,1,0,1,0,1,
2633509850,1,0,0,1,1,1,0,0,1,1,1,1,1,0,0,0,0,0,1,0,1,0,1,1,1,1,0,1,1,0,1,0,
4247986889,1,1,1,1,1,1,0,1,0,0,1,1,0,0,1,1,0,0,1,0,0,0,1,0,1,1,0,0,1,0,0,1,
2929443221,1,0,1,0,1,1,1,0,1,0,0,1,1,0,1,1,1,1,0,0,0,0,0,1,1,0,0,1,0,1,0,1,
4091931523,1,1,1,1,0,0,1,1,1,1,1,0,0,1,0,1,1,1,1,0,1,0,1,1,1,0,0,0,0,0,1,1,
118672917,0,0,0,0,0,1,1,1,0,0,0,1,0,0,1,0,1,1,0,0,1,1,1,0,0,0,0,1,0,1,0,1,
4069669387,1,1,1,1,0,0,1,0,1,0,0,1,0,0,1,0,0,0,1,1,1,0,1,0,0,0,0,0,1,0,1,1,
708578602,0,0,1,0,1,0,1,0,0,0,1,1,1,1,0,0,0,0,0,0,1,1,0,1,0,0,1,0,1,0,1,0,
1113036246,0,1,0,0,0,0,1,0,0,1,0,1,0,1,1,1,1,0,0,1,0,1,0,1,1,1,0,1,0,1,1,0,
2976803041,1,0,1,1,0,0,0,1,0,1,1,0,1,1,1,0,0,1,1,0,1,0,0,0,1,1,1,0,0,0,0,1,
1467858990,0,1,0,1,0,1,1,1,0,1,1,1,1,1,0,1,1,1,0,0,0,0,0,0,0,0,1,0,1,1,1,0,
1594247494,0,1,0,1,1,1,1,1,0,0,0,0,0,1,1,0,0,1,0,0,1,0,0,1,0,1,0,0,0,1,1,0,
1530309339,0,1,0,1,1,0,1,1,0,0,1,1,0,1,1,0,1,0,1,0,1,0,1,0,1,1,0,1,1,0,1,1,
1589971656,0,1,0,1,1,1,1,0,1,1,0,0,0,1,0,1,0,0,0,0,1,0,1,0,1,1,0,0,1,0,0,0,
235922474,0,0,0,0,1,1,1,0,0,0,0,0,1,1,1,1,1,1,1,0,0,1,0,0,0,0,1,0,1,0,1,0,
4162691897,1,1,1,1,1,0,0,0,0,0,0,1,1,1,0,1,1,0,1,0,0,0,1,1,0,0,1,1,1,0,0,1,
1853962397,0,1,1,0,1,1,1,0,1,0,0,0,0,0,0,1,0,0,1,1,1,0,0,0,1,0,0,1,1,1,0,1,
1223183703,0,1,0,0,1,0,0,0,1,1,1,0,1,0,0,0,0,1,0,0,1,1,0,1,0,1,0,1,0,1,1,1,
951419485,0,0,1,1,1,0,0,0,1,0,1,1,0,1,0,1,1,0,0,0,0,0,1,0,0,1,0,1,1,1,0,1,
2589692209,1,0,0,1,1,0,1,0,0,1,0,1,1,0,1,1,1,0,0,1,0,0,0,1,0,0,1,1,0,0,0,1,
2376888390,1,0,0,0,1,1,0,1,1,0,1,0,1,1,0,0,0,1,1,1,0,0,0,0,0,1,0,0,0,1,1,0,
1414648968,0,1,0,1,0,1,0,0,0,1,0,1,0,0,0,1,1,1,0,1,0,1,0,0,1,0,0,0,1,0,0,0,
1439253464,0,1,0,1,0,1,0,1,1,1,0,0,1,0,0,1,0,1,0,0,0,0,1,1,1,1,0,1,1,0,0,0,
959174192,0,0,1,1,1,0,0,1,0,0,1,0,1,0,1,1,1,1,0,1,0,1,1,0,0,0,1,1,0,0,0,0,
2564061484,1,0,0,1,1,0,0,0,1,1,0,1,0,1,0,0,0,1,1,1,1,0,0,1,0,0,1,0,1,1,0,0,
364797441,0,0,0,1,0,1,0,1,1,0,1,1,1,1,1,0,0,1,0,1,1,1,1,0,0,0,0,0,0,0,0,1,
1245654622,0,1,0,0,1,0,1,0,0,0,1,1,1,1,1,1,0,0,1,0,1,1,1,0,0,1,0,1,1,1,1,0,
3954226927,1,1,1,0,1,0,1,1,1,0,1,1,0,0,0,0,1,0,1,1,0,1,1,0,1,1,1,0,1,1,1,1,
1442288108,0,1,0,1,0,1,0,1,1,1,1,1,0,1,1,1,1,0,0,1,0,0,0,1,1,1,1,0,1,1,0,0,
138880527,0,0,0,0,1,0,0,0,0,1,0,0,0,1,1,1,0,0,1,0,0,1,1,0,0,0,0,0,1,1,1,1,
296888649,0,0,0,1,0,0,0,1,1,0,1,1,0,0,1,0,0,0,1,0,1,0,0,1,0,1,0,0,1,0,0,1,
3447154305,1,1,0,0,1,1,0,1,0,1,1,1,0,1,1,1,0,1,1,0,0,1,1,0,1,0,0,0,0,0,0,1,
276642809,0,0,0,1,0,0,0,0,0,1,1,1,1,1,0,1,0,0,1,1,1,0,1,1,1,1,1,1,1,0,0,1,
2399969800,1,0,0,0,1,1,1,1,0,0,0,0,1,1,0,0,1,0,1,0,0,0,1,0,0,0,0,0,1,0,0,0,
1736037559,0,1,1,0,0,1,1,1,0,1,1,1,1,0,0,1,1,1,0,1,0,1,0,0,1,0,1,1,0,1,1,1,
787355670,0,0,1,0,1,1,1,0,1,1,1,0,1,1,1,0,0,0,0,1,1,0,0,0,0,0,0,1,0,1,1,0,
358422185,0,0,0,1,0,1,0,1,0,1,0,1,1,1,0,1,0,0,0,1,0,1,1,0,1,0,1,0,1,0,0,1,
3002736852,1,0,1,1,0,0,1,0,1,1,1,1,1,0,1,0,0,0,1,0,0,0,0,0,1,1,0,1,0,1,0,0,
1525009965,0,1,0,1,1,0,1,0,1,1,1,0,0,1,0,1,1,1,0,0,1,1,1,0,0,0,1,0,1,1,0,1,
673886172,0,0,1,0,1,0,0,0,0,0,1,0,1,0,1,0,1,0,1,0,1,1,1,1,1,1,0,1,1,1,0,0,
1836205217,0,1,1,0,1,1,0,1,0,1,1,1,0,0,1,0,0,1,0,0,0,1,0,0,1,0,1,0,0,0,0,1,
1411190946,0,1,0,1,0,1,0,0,0,0,0,1,1,1,0,1,0,0,0,1,0,0,0,0,1,0,1,0,0,0,1,0,
4060409515,1,1,1,1,0,0,1,0,0,0,0,0,0,1,0,0,1,1,1,0,1,1,1,0,1,0,1,0,1,0,1,1,
3821031355,1,1,1,0,0,0,1,1,1,1,0,0,0,0,0,0,0,1,0,0,1,1,1,1,1,0,1,1,1,0,1,1,
151551349,0,0,0,0,1,0,0,1,0,0,0,0,1,0,0,0,0,1,1,1,1,1,0,1,0,1,1,1,0,1,0,1,
3941751916,1,1,1,0,1,0,1,0,1,1,1,1,0,0,1,0,0,1,0,1,1,1,0,0,0,1,1,0,1,1,0,0,
609554080,0,0,1,0,0,1,0,0,0,1,0,1,0,1,0,1,0,0,0,0,1,1,1,0,1,0,1,0,0,0,0,0,
2650107972,1,0,0,1,1,1,0,1,1,1,1,1,0,1,0,1,0,1,1,1,0,0,0,0,0,1,0,0,0,1,0,0,
2296555485,1,0,0,0,1,0,0,0,1,1,1,0,0,0,1,0,1,0,1,0,0,1,1,1,1,1,0,1,1,1,0,1,
2770875359,1,0,1,0,0,1,0,1,0,0,1,0,1,0,0,0,0,0,1,1,0,0,1,1,1,1,0,1,1,1,1,1,
143860457,0,0,0,0,1,0,0,0,1,0,0,1,0,0,1,1,0,0,1,0,0,0,1,0,1,1,1,0,1,0,0,1,
1681921364,0,1,1,0,0,1,0,0,0,1,0,0,0,0,0,0,0,0,0,1,0,1,0,1,0,1,0,1,0,1,0,0,
1451852733,0,1,0,1,0,1,1,0,1,0,0,0,1,0,0,1,1,0,0,0,0,0,1,1,1,0,1,1,1,1,0,1,
1009331596,0,0,1,1,1,1,0,0,0,0,1,0,1,0,0,1,0,0,1,0,1,1,0,1,1,0,0,0,1,1,0,0,
2879201428,1,0,1,0,1,0,1,1,1,0,0,1,1,1,0,1,0,0,1,0,0,0,0,0,1,0,0,1,0,1,0,0,
926335242,0,0,1,1,0,1,1,1,0,0,1,1,0,1,1,0,1,1,0,0,0,0,0,1,0,0,0,0,1,0,1,0,
217471983,0,0,0,0,1,1,0,0,1,1,1,1,0,1,1,0,0,1,0,1,1,0,1,1,1,1,1,0,1,1,1,1,
2804885862,1,0,1,0,0,1,1,1,0,0,1,0,1,1,1,1,0,0,1,0,1,0,0,1,0,1,1,0,0,1,1,0,
3710821876,1,1,0,1,1,1,0,1,0,0,1,0,1,1,1,0,1,0,1,0,0,1,0,1,1,1,1,1,0,1,0,0,
805958409,0,0,1,1,0,0,0,0,0,0,0,0,1,0,0,1,1,1,1,1,0,0,1,1,0,0,0,0,1,0,0,1,
2598138799,1,0,0,1,1,0,1,0,1,1,0,1,1,1,0,0,0,1,1,1,0,0,1,1,1,0,1,0,1,1,1,1,
2968243687,1,0,1,1,0,0,0,0,1,1,1,0,1,0,1,1,1,1,0,0,1,1,0,1,1,1,1,0,0,1,1,1,
1114376667,0,1,0,0,0,0,1,0,0,1,1,0,1,1,0,0,0,0,0,0,1,0,0,1,1,1,0,1,1,0,1,1,
3149577394,1,0,1,1,1,0,1,1,1,0,1,1,1,0,1,0,1,0,1,1,1,1,0,0,1,0,1,1,0,0,1,0,
2604936743,1,0,0,1,1,0,1,1,0,1,0,0,0,1,0,0,0,0,1,0,1,1,1,0,0,0,1,0,0,1,1,1,
1319526396,0,1,0,0,1,1,1,0,1,0,1,0,0,1,1,0,0,1,0,1,1,1,1,1,1,1,1,1,1,1,0,0,
904602664,0,0,1,1,0,1,0,1,1,1,1,0,1,0,1,1,0,0,1,0,0,1,0,0,0,0,1,0,1,0,0,0,
060632586,0,0,0,0,0,0,1,1,1,0,0,1,1,1,0,1,0,0,1,0,1,1,1,0,0,0,0,0,1,0,1,0,
2981488981,1,0,1,1,0,0,0,1,1,0,1,1,0,1,0,1,1,1,1,0,1,0,0,1,0,1,0,1,0,1,0,1,
494054486,0,0,0,1,1,1,0,1,0,1,1,1,0,0,1,0,1,0,1,0,1,1,0,0,0,1,0,1,0,1,1,0,
1599727171,0,1,0,1,1,1,1,1,0,1,0,1,1,0,0,1,1,1,1,0,0,1,1,0,0,1,0,0,0,0,1,1,
3235222895,1,1,0,0,0,0,0,0,1,1,0,1,0,1,0,1,1,0,0,1,0,1,0,1,0,1,1,0,1,1,1,1,
3330182722,1,1,0,0,0,1,1,0,0,1,1,1,1,1,1,0,1,0,0,0,1,1,1,0,0,1,0,0,0,0,1,0,
013557089,0,0,0,0,0,0,0,0,1,1,0,0,1,1,1,0,1,1,0,1,1,1,0,1,0,1,1,0,0,0,0,1,
2187840368,1,0,0,0,0,0,1,0,0,1,1,0,0,1,1,1,1,1,0,0,1,0,1,1,0,1,1,1,0,0,0,0,
2145080808,0,1,1,1,1,1,1,1,1,1,0,1,1,0,1,1,0,1,0,1,0,1,0,1,1,1,1,0,1,0,0,0,
201616907,0,0,0,0,1,1,0,0,0,0,0,0,0,1,0,0,0,1,1,0,1,1,1,0,0,0,0,0,1,0,1,1,
1293756308,0,1,0,0,1,1,0,1,0,0,0,1,1,1,0,1,0,0,1,0,0,1,1,1,1,0,0,1,0,1,0,0,
935545826,0,0,1,1,0,1,1,1,1,1,0,0,0,0,1,1,0,1,0,0,1,0,1,1,1,1,1,0,0,0,1,0,
1721661346,0,1,1,0,0,1,1,0,1,0,0,1,1,1,1,0,0,1,1,1,0,1,1,1,1,0,1,0,0,0,1,0,
3570217642,1,1,0,1,0,1,0,0,1,1,0,0,1,1,0,1,0,0,1,1,0,0,1,0,1,0,1,0,1,0,1,0,
2391361953,1,0,0,0,1,1,1,0,1,0,0,0,1,0,0,1,0,1,0,0,1,0,0,1,1,0,1,0,0,0,0,1,
4205668001,1,1,1,1,1,0,1,0,1,0,1,0,1,1,0,1,0,1,1,0,0,1,1,0,1,0,1,0,0,0,0,1,
3264846253,1,1,0,0,0,0,1,0,1,0,0,1,1,0,0,1,1,0,0,1,1,0,0,1,1,0,1,0,1,1,0,1,
135876380,0,0,0,0,1,0,0,0,0,0,0,1,1,0,0,1,0,1,0,0,1,1,1,1,0,0,0,1,1,1,0,0,
3171110809,1,0,1,1,1,1,0,1,0,0,0,0,0,0,1,1,0,1,0,0,1,1,1,1,1,0,0,1,1,0,0,1,
3563905670,1,1,0,1,0,1,0,0,0,1,1,0,1,1,0,0,1,1,1,0,0,0,1,0,1,0,0,0,0,1,1,0,
3901552441,1,1,1,0,1,0,0,0,1,0,0,0,1,1,0,0,1,1,1,1,0,1,1,1,0,0,1,1,1,0,0,1,
4139294391,1,1,1,1,0,1,1,0,1,0,1,1,1,0,0,0,1,0,0,1,1,1,1,0,1,0,1,1,0,1,1,1,
4029415988,1,1,1,1,0,0,0,0,0,0,1,0,1,1,0,0,0,0,0,0,0,0,1,0,0,0,1,1,0,1,0,0,
3866352653,1,1,1,0,0,1,1,0,0,1,1,1,0,0,1,1,1,1,0,1,1,1,0,0,0,0,0,0,1,1,0,1,
1772502215,0,1,1,0,1,0,0,1,1,0,1,0,0,1,1,0,0,0,1,1,1,1,0,0,1,1,0,0,0,1,1,1,
2413658673,1,0,0,0,1,1,1,1,1,1,0,1,1,1,0,1,1,0,0,0,0,0,1,0,0,0,1,1,0,0,0,1,
3305716341,1,1,0,0,0,1,0,1,0,0,0,0,1,0,0,1,0,0,1,1,1,0,1,0,0,1,1,1,0,1,0,1,
1318667876,0,1,0,0,1,1,1,0,1,0,0,1,1,0,0,1,0,1,0,0,0,1,1,0,0,1,1,0,0,1,0,0,
2711742684,1,0,1,0,0,0,0,1,1,0,1,0,0,0,0,1,1,1,1,0,1,0,0,0,1,1,0,1,1,1,0,0,
1067464670,0,0,1,1,1,1,1,1,1,0,1,0,0,0,0,0,0,0,1,1,0,1,1,1,1,1,0,1,1,1,1,0,
4030483226,1,1,1,1,0,0,0,0,0,0,1,1,1,1,0,0,0,1,0,0,1,0,1,1,0,0,0,1,1,0,1,0,
1177819814,0,1,0,0,0,1,1,0,0,0,1,1,0,1,0,0,0,0,0,1,1,0,1,0,1,0,1,0,0,1,1,0,
3373069825,1,1,0,0,1,0,0,1,0,0,0,0,1,1,0,0,1,1,1,1,0,1,1,0,0,0,0,0,0,0,0,1,
614634777,0,0,1,0,0,1,0,0,1,0,1,0,0,0,1,0,1,0,0,1,0,1,0,1,0,0,0,1,1,0,0,1,
4024482438,1,1,1,0,1,1,1,1,1,1,1,0,0,0,0,0,1,0,1,1,1,0,1,0,1,0,0,0,0,1,1,0,
3813341122,1,1,1,0,0,0,1,1,0,1,0,0,1,0,1,0,1,1,1,1,0,1,1,1,1,1,0,0,0,0,1,0,
1424404036,0,1,0,1,0,1,0,0,1,1,1,0,0,1,1,0,1,0,1,0,1,1,1,0,0,1,0,0,0,1,0,0,
4024900563,1,1,1,0,1,1,1,1,1,1,1,0,0,1,1,1,0,0,0,1,1,0,1,1,1,1,0,1,0,0,1,1,
1056773423,0,0,1,1,1,1,1,0,1,1,1,1,1,1,0,1,0,0,0,1,0,1,0,1,0,0,1,0,1,1,1,1,
3705322180,1,1,0,1,1,1,0,0,1,1,0,1,1,0,1,0,1,0,1,1,1,0,1,0,1,1,0,0,0,1,0,0,
1478602406,0,1,0,1,1,0,0,0,0,0,1,0,0,0,0,1,1,0,1,0,1,1,1,0,1,0,1,0,0,1,1,0,
971575638,0,0,1,1,1,0,0,1,1,1,1,0,1,0,0,1,0,0,0,1,0,0,0,1,0,1,0,1,0,1,1,0,
2609484464,1,0,0,1,1,0,1,1,1,0,0,0,1,0,0,1,1,0,0,1,0,0,1,0,1,0,1,1,0,0,0,0,
3842740851,1,1,1,0,0,1,0,1,0,0,0,0,1,0,1,1,1,0,0,1,0,0,1,0,0,1,1,1,0,0,1,1,
4162491844,1,1,1,1,1,0,0,0,0,0,0,1,1,0,1,0,1,0,0,1,0,1,0,1,1,1,0,0,0,1,0,0,
2708731296,1,0,1,0,0,0,0,1,0,1,1,1,0,0,1,1,1,1,1,1,0,1,0,1,1,0,1,0,0,0,0,0,
1809883476,0,1,1,0,1,0,1,1,1,1,1,0,0,0,0,0,1,0,1,0,0,0,0,1,0,1,0,1,0,1,0,0,
3649385004,1,1,0,1,1,0,0,1,1,0,0,0,0,1,0,1,0,0,1,1,0,0,1,0,0,0,1,0,1,1,0,0,
4150817594,1,1,1,1,0,1,1,1,0,1,1,0,1,0,0,0,0,1,1,1,0,0,1,1,0,0,1,1,1,0,1,0,
3831998660,1,1,1,0,0,1,0,0,0,1,1,0,0,1,1,1,1,0,1,0,1,0,0,0,1,1,0,0,0,1,0,0,
4284900427,1,1,1,1,1,1,1,1,0,1,1,0,0,1,1,0,0,1,1,0,0,1,0,0,0,1,0,0,1,0,1,1,
2286961935,1,0,0,0,1,0,0,0,0,1,0,1,0,0,0,0,0,1,0,0,0,1,0,1,0,0,0,0,1,1,1,1,
1525820867,0,1,0,1,1,0,1,0,1,1,1,1,0,0,1,0,0,0,1,0,1,1,0,1,1,1,0,0,0,0,1,1,
756025341,0,0,1,0,1,1,0,1,0,0,0,1,0,0,0,0,0,0,0,0,0,1,1,1,1,1,1,1,1,1,0,1,
1073134917,0,0,1,1,1,1,1,1,1,1,1,1,0,1,1,0,1,0,1,1,1,1,0,1,0,1,0,0,0,1,0,1,
180799523,0,0,0,0,1,0,1,0,1,1,0,0,0,1,1,0,1,1,0,0,1,0,0,0,0,0,1,0,0,0,1,1,
3192626567,1,0,1,1,1,1,1,0,0,1,0,0,1,0,1,1,1,0,0,1,1,1,0,1,1,0,0,0,0,1,1,1,
774832404,0,0,1,0,1,1,1,0,0,0,1,0,1,1,1,1,0,0,0,0,0,0,0,1,0,0,0,1,0,1,0,0,
1271734615,0,1,0,0,1,0,1,1,1,1,0,0,1,1,0,1,0,0,1,0,0,0,0,1,0,1,0,1,0,1,1,1,
383056323,0,0,0,1,0,1,1,0,1,1,0,1,0,1,0,0,1,1,1,1,1,0,0,1,1,1,0,0,0,0,1,1,
1773816813,0,1,1,0,1,0,0,1,1,0,1,1,1,0,1,0,0,1,0,0,1,0,1,1,1,1,1,0,1,1,0,1,
4287958689,1,1,1,1,1,1,1,1,1,0,0,1,0,1,0,1,0,0,0,0,1,1,1,0,1,0,1,0,0,0,0,1,
2215226509,1,0,0,0,0,1,0,0,0,0,0,0,1,0,0,1,1,0,1,0,1,1,0,0,1,0,0,0,1,1,0,1,
3439357814,1,1,0,0,1,1,0,1,0,0,0,0,0,0,0,0,0,1,1,0,1,1,1,1,0,1,1,1,0,1,1,0,
676464104,0,0,1,0,1,0,0,0,0,1,0,1,0,0,1,0,0,0,0,0,0,1,0,1,1,1,1,0,1,0,0,0,
4230152061,1,1,1,1,1,1,0,0,0,0,1,0,0,0,1,0,1,1,1,1,1,1,1,1,0,1,1,1,1,1,0,1,
078608839,0,0,0,0,0,1,0,0,1,0,1,0,1,1,1,1,0,1,1,1,1,0,0,1,1,1,0,0,0,1,1,1,
1597855523,0,1,0,1,1,1,1,1,0,0,1,1,1,1,0,1,0,1,0,1,0,1,1,1,0,0,1,0,0,0,1,1,
2908082154,1,0,1,0,1,1,0,1,0,1,0,1,0,1,0,1,1,1,0,0,1,1,1,1,1,1,1,0,1,0,1,0,
648907731,0,0,1,0,0,1,1,0,1,0,1,0,1,1,0,1,1,0,0,0,1,0,1,1,1,1,0,1,0,0,1,1,
3333431988,1,1,0,0,0,1,1,0,1,0,1,1,0,0,0,0,0,0,1,0,0,0,1,0,1,0,1,1,0,1,0,0,
3583818677,1,1,0,1,0,1,0,1,1,0,0,1,1,1,0,0,1,0,1,1,1,0,1,1,1,0,1,1,0,1,0,1,
1393356279,0,1,0,1,0,0,1,1,0,0,0,0,1,1,0,0,1,1,1,0,1,1,0,1,1,1,1,1,0,1,1,1,
2833586358,1,0,1,0,1,0,0,0,1,1,1,0,0,1,0,1,0,0,0,1,1,0,0,0,1,0,1,1,0,1,1,0,
3046524607,1,0,1,1,0,1,0,1,1,0,0,1,0,1,1,0,0,1,0,0,0,1,1,0,1,0,1,1,1,1,1,1,
3780990213,1,1,1,0,0,0,0,1,0,1,0,1,1,1,0,1,0,1,0,1,0,1,0,1,0,0,0,0,0,1,0,1,
078712562,0,0,0,0,0,1,0,0,1,0,1,1,0,0,0,1,0,0,0,0,1,1,1,0,1,1,1,1,0,0,1,0,
2148380424,1,0,0,0,0,0,0,0,0,0,0,0,1,1,0,1,1,0,1,0,1,1,1,1,0,0,0,0,1,0,0,0,
3226919372,1,1,0,0,0,0,0,0,0,1,0,1,0,1,1,0,1,1,1,0,0,0,0,1,1,1,0,0,1,1,0,0,
734636050,0,0,1,0,1,0,1,1,1,1,0,0,1,0,0,1,1,0,1,0,1,0,0,0,0,0,0,1,0,0,1,0,
3306667230,1,1,0,0,0,1,0,1,0,0,0,1,0,1,1,1,1,0,1,1,1,1,0,0,1,1,0,1,1,1,1,0,
4197308406,1,1,1,1,1,0,1,0,0,0,1,0,1,1,0,1,1,1,0,1,0,1,1,1,1,1,1,1,0,1,1,0,
4155976399,1,1,1,1,0,1,1,1,1,0,1,1,0,1,1,1,0,0,1,0,1,0,1,0,1,1,0,0,1,1,1,1,
3180688323,1,0,1,1,1,1,0,1,1,0,0,1,0,1,0,1,0,1,1,1,0,0,1,1,1,1,0,0,0,0,1,1,
3172426909,1,0,1,1,1,1,0,1,0,0,0,1,0,1,1,1,0,1,1,0,0,1,0,0,1,0,0,1,1,1,0,1,
3898035251,1,1,1,0,1,0,0,0,0,1,0,1,0,1,1,1,0,1,0,0,1,1,0,0,0,0,1,1,0,0,1,1,
3807306485,1,1,1,0,0,0,1,0,1,1,1,0,1,1,1,0,1,1,1,0,0,0,1,0,1,1,1,1,0,1,0,1,
3106861400,1,0,1,1,1,0,0,1,0,0,1,0,1,1,1,0,1,1,1,1,0,0,0,1,0,1,0,1,1,0,0,0,
3946512684,1,1,1,0,1,0,1,1,0,0,1,1,1,0,1,1,0,0,0,0,0,0,0,1,0,0,1,0,1,1,0,0,
372351984,0,0,0,1,0,1,1,0,0,0,1,1,0,0,0,1,1,0,1,0,0,0,1,1,1,1,1,1,0,0,0,0,
2233285189,1,0,0,0,0,1,0,1,0,0,0,1,1,1,0,1,0,0,1,1,1,0,1,0,0,1,0,0,0,1,0,1,
3564536081,1,1,0,1,0,1,0,0,0,1,1,1,0,1,1,0,1,0,0,0,0,0,0,1,0,0,0,1,0,0,0,1,
2274960507,1,0,0,0,0,1,1,1,1,0,0,1,1,0,0,1,0,0,1,0,0,1,0,0,0,1,1,1,1,0,1,1,
518837659,0,0,0,1,1,1,1,0,1,1,1,0,1,1,0,0,1,1,0,1,0,1,0,1,1,0,0,1,1,0,1,1,
3073424432,1,0,1,1,0,1,1,1,0,0,1,1,0,0,0,0,1,0,1,1,1,1,0,0,0,0,1,1,0,0,0,0,
551627176,0,0,1,0,0,0,0,0,1,1,1,0,0,0,0,1,0,0,1,0,1,0,0,1,1,0,1,0,1,0,0,0,
2871592236,1,0,1,0,1,0,1,1,0,0,1,0,1,0,0,1,0,0,0,0,0,1,0,1,0,0,1,0,1,1,0,0,
1295209765,0,1,0,0,1,1,0,1,0,0,1,1,0,0,1,1,0,1,0,1,0,1,0,1,0,0,1,0,0,1,0,1,
997735819,0,0,1,1,1,0,1,1,0,1,1,1,1,0,0,0,0,0,1,1,1,1,0,1,1,0,0,0,1,0,1,1,
3164423683,1,0,1,1,1,1,0,0,1,0,0,1,1,1,0,1,0,1,0,0,0,1,1,0,0,0,0,0,0,0,1,1,
2901894002,1,0,1,0,1,1,0,0,1,1,1,1,0,1,1,1,0,1,1,0,0,0,1,1,0,1,1,1,0,0,1,0,
332830589,0,0,0,1,0,0,1,1,1,1,0,1,0,1,1,0,1,0,0,1,0,1,1,1,0,1,1,1,1,1,0,1,
332664041,0,0,0,1,0,0,1,1,1,1,0,1,0,1,0,0,0,0,0,0,1,1,0,0,1,1,1,0,1,0,0,1,
1750512047,0,1,1,0,1,0,0,0,0,1,0,1,0,1,1,0,1,0,1,1,0,0,0,1,1,0,1,0,1,1,1,1,
3136992773,1,0,1,1,1,0,1,0,1,1,1,1,1,0,1,0,1,0,1,1,0,1,1,0,0,0,0,0,0,1,0,1,
589385371,0,0,1,0,0,0,1,1,0,0,1,0,0,0,0,1,0,1,0,0,1,1,1,0,1,0,0,1,1,0,1,1,
3657881847,1,1,0,1,1,0,1,0,0,0,0,0,0,1,1,0,1,1,0,1,1,0,0,0,1,1,1,1,0,1,1,1,
726260681,0,0,1,0,1,0,1,1,0,1,0,0,1,0,0,1,1,1,0,1,1,0,1,1,1,1,0,0,1,0,0,1,
512533357,0,0,0,1,1,1,1,0,1,0,0,0,1,1,0,0,1,0,1,0,0,0,1,1,0,1,1,0,1,1,0,1,
564930832,0,0,1,0,0,0,0,1,1,0,1,0,1,1,0,0,0,0,1,0,1,0,0,1,0,0,0,1,0,0,0,0,
3304997666,1,1,0,0,0,1,0,0,1,1,1,1,1,1,1,0,0,1,0,0,0,0,1,1,0,0,1,0,0,0,1,0,
1218101882,0,1,0,0,1,0,0,0,1,0,0,1,1,0,1,0,1,1,0,0,0,0,1,0,0,1,1,1,1,0,1,0,
1532731484,0,1,0,1,1,0,1,1,0,1,0,1,1,0,1,1,1,0,1,0,0,0,0,0,0,1,0,1,1,1,0,0,
780794687,0,0,1,0,1,1,1,0,1,0,0,0,1,0,0,1,1,1,1,1,1,0,1,1,0,0,1,1,1,1,1,1,
1699312555,0,1,1,0,0,1,0,1,0,1,0,0,1,0,0,1,0,1,1,1,0,0,1,1,1,0,1,0,1,0,1,1,
1378448692,0,1,0,1,0,0,1,0,0,0,1,0,1,0,0,1,0,1,1,1,0,1,0,1,0,0,1,1,0,1,0,0,
2608692484,1,0,0,1,1,0,1,1,0,1,1,1,1,1,0,1,0,1,1,1,1,1,0,1,0,0,0,0,0,1,0,0,
4136109795,1,1,1,1,0,1,1,0,1,0,0,0,1,0,0,0,0,0,0,0,0,1,1,0,1,1,1,0,0,0,1,1,
1752551901,0,1,1,0,1,0,0,0,0,1,1,1,0,1,0,1,1,1,0,1,0,0,0,1,1,1,0,1,1,1,0,1,
1542422432,0,1,0,1,1,0,1,1,1,1,1,0,1,1,1,1,0,1,1,1,1,1,1,1,1,0,1,0,0,0,0,0,
3094496600,1,0,1,1,1,0,0,0,0,1,1,1,0,0,1,0,0,1,0,0,0,1,0,1,0,1,0,1,1,0,0,0,
186794212,0,0,0,0,1,0,1,1,0,0,1,0,0,0,1,0,0,1,0,0,0,0,0,0,1,1,1,0,0,1,0,0,
1975241113,0,1,1,1,0,1,0,1,1,0,1,1,1,0,1,1,1,1,0,0,1,0,0,1,1,0,0,1,1,0,0,1,
1085533846,0,1,0,0,0,0,0,0,1,0,1,1,0,0,1,1,1,1,1,0,1,1,1,0,1,0,0,1,0,1,1,0,
4147880850,1,1,1,1,0,1,1,1,0,0,1,1,1,0,1,1,1,0,1,0,0,0,1,1,1,0,0,1,0,0,1,0,
2978110261,1,0,1,1,0,0,0,1,1,0,0,0,0,0,1,0,0,1,0,1,1,0,1,1,0,0,1,1,0,1,0,1,
4186940310,1,1,1,1,1,0,0,1,1,0,0,0,1,1,1,1,1,0,1,0,0,0,1,1,1,0,0,1,0,1,1,0,
3145357281,1,0,1,1,1,0,1,1,0,1,1,1,1,0,1,0,0,1,0,1,0,1,1,1,1,1,1,0,0,0,0,1,
2851656481,1,0,1,0,1,0,0,1,1,1,1,1,1,0,0,0,1,1,0,1,0,0,1,1,0,0,1,0,0,0,0,1,
542285349,0,0,1,0,0,0,0,0,0,1,0,1,0,0,1,0,1,0,0,1,1,1,1,0,0,0,1,0,0,1,0,1,
597628102,0,0,1,0,0,0,1,1,1,0,0,1,1,1,1,1,0,0,0,1,0,1,0,0,1,1,0,0,0,1,1,0,
2897887536,1,0,1,0,1,1,0,0,1,0,1,1,1,0,1,0,0,1,0,0,0,0,0,1,0,0,1,1,0,0,0,0,
414206262,0,0,0,1,1,0,0,0,1,0,1,1,0,0,0,0,0,1,0,0,1,0,0,1,0,0,1,1,0,1,1,0,
2263143234,1,0,0,0,0,1,1,0,1,1,1,0,0,1,0,0,1,1,0,1,0,0,1,1,0,1,0,0,0,0,1,0,
2149096257,1,0,0,0,0,0,0,0,0,0,0,1,1,0,0,0,1,0,0,1,1,0,1,1,0,1,0,0,0,0,0,1,
162715160,0,0,0,0,1,0,0,1,1,0,1,1,0,0,1,0,1,1,0,1,0,1,1,0,0,0,0,1,1,0,0,0,
1398863664,0,1,0,1,0,0,1,1,0,1,1,0,0,0,0,0,1,1,1,1,0,1,1,1,0,0,1,1,0,0,0,0,
579989690,0,0,1,0,0,0,1,0,1,0,0,1,0,0,0,1,1,1,1,1,0,0,0,0,1,0,1,1,1,0,1,0,
1038263995,0,0,1,1,1,1,0,1,1,1,1,0,0,0,1,0,1,0,1,0,0,1,1,0,1,0,1,1,1,0,1,1,
2850555630,1,0,1,0,1,0,0,1,1,1,1,0,1,0,0,0,0,0,0,0,0,1,1,0,1,1,1,0,1,1,1,0,
1954199344,0,1,1,1,0,1,0,0,0,1,1,1,1,0,1,0,1,0,1,1,0,1,1,1,0,0,1,1,0,0,0,0,
2236889903,1,0,0,0,0,1,0,1,0,1,0,1,0,1,0,0,0,0,1,1,1,0,1,1,0,0,1,0,1,1,1,1,
1190427925,0,1,0,0,0,1,1,0,1,1,1,1,0,1,0,0,0,1,1,1,1,1,0,1,0,0,0,1,0,1,0,1,
344835527,0,0,0,1,0,1,0,0,1,0,0,0,1,1,0,1,1,1,0,0,0,1,0,1,1,1,0,0,0,1,1,1,
3855286786,1,1,1,0,0,1,0,1,1,1,0,0,1,0,1,1,0,0,0,0,0,0,1,0,0,0,0,0,0,0,1,0,
4214245196,1,1,1,1,1,0,1,1,0,0,1,1,0,0,0,0,0,1,0,0,0,1,1,1,0,1,0,0,1,1,0,0,
472874969,0,0,0,1,1,1,0,0,0,0,1,0,1,1,1,1,0,1,1,1,1,1,1,1,1,1,0,1,1,0,0,1,
846666804,0,0,1,1,0,0,1,0,0,1,1,1,0,1,1,1,0,0,0,1,1,1,0,0,0,0,1,1,0,1,0,0,
2534870184,1,0,0,1,0,1,1,1,0,0,0,1,0,1,1,1,0,0,0,0,1,1,0,0,1,0,1,0,1,0,0,0,
1624337633,0,1,1,0,0,0,0,0,1,1,0,1,0,0,0,1,0,1,1,0,1,1,0,0,1,1,1,0,0,0,0,1,
3680139020,1,1,0,1,1,0,1,1,0,1,0,1,1,0,1,0,0,1,1,1,0,1,1,1,0,0,0,0,1,1,0,0,
2318996807,1,0,0,0,1,0,1,0,0,0,1,1,1,0,0,1,0,0,0,1,0,1,0,1,0,1,0,0,0,1,1,1,
1640574935,0,1,1,0,0,0,0,1,1,1,0,0,1,0,0,1,0,0,1,0,1,1,1,1,1,1,0,1,0,1,1,1,
416098260,0,0,0,1,1,0,0,0,1,1,0,0,1,1,0,1,0,0,1,0,0,1,1,1,1,1,0,1,0,1,0,0,
935873288,0,0,1,1,0,1,1,1,1,1,0,0,1,0,0,0,0,1,0,0,1,0,1,1,0,0,0,0,1,0,0,0,
580961533,0,0,1,0,0,0,1,0,1,0,1,0,0,0,0,0,1,1,0,0,0,1,0,0,1,1,1,1,1,1,0,1,
173206537,0,0,0,0,1,0,1,0,0,1,0,1,0,0,1,0,1,1,1,0,1,1,0,0,0,0,0,0,1,0,0,1,
129114513,0,0,0,0,0,1,1,1,1,0,1,1,0,0,1,0,0,0,1,0,0,0,0,1,1,0,0,1,0,0,0,1,
3605685514,1,1,0,1,0,1,1,0,1,1,1,0,1,0,1,0,0,1,1,0,0,1,0,1,0,0,0,0,1,0,1,0,
2579821093,1,0,0,1,1,0,0,1,1,1,0,0,0,1,0,0,1,1,1,1,0,0,1,0,0,0,1,0,0,1,0,1,
2630506019,1,0,0,1,1,1,0,0,1,1,0,0,1,0,1,0,0,1,0,1,0,1,1,0,0,0,1,0,0,0,1,1,
3474449130,1,1,0,0,1,1,1,1,0,0,0,1,0,1,1,1,1,1,1,0,0,0,1,0,1,1,1,0,1,0,1,0,
132464561,0,0,0,0,0,1,1,1,1,1,1,0,0,1,0,1,0,0,1,1,1,1,1,1,1,0,1,1,0,0,0,1,
2869939167,1,0,1,0,1,0,1,1,0,0,0,0,1,1,1,1,1,1,0,0,1,0,1,1,1,1,0,1,1,1,1,1,
2157956579,1,0,0,0,0,0,0,0,1,0,0,1,1,1,1,1,1,1,0,0,1,1,0,1,1,1,1,0,0,0,1,1,
3442158941,1,1,0,0,1,1,0,1,0,0,1,0,1,0,1,1,0,0,1,0,1,1,0,1,0,1,0,1,1,1,0,1,
894904437,0,0,1,1,0,1,0,1,0,1,0,1,0,1,1,1,0,0,1,0,1,0,0,0,0,1,1,1,0,1,0,1,
4021862904,1,1,1,0,1,1,1,1,1,0,1,1,1,0,0,0,1,1,0,0,0,0,0,1,1,1,1,1,1,0,0,0,
1830272121,0,1,1,0,1,1,0,1,0,0,0,1,0,1,1,1,1,0,1,1,1,1,0,0,0,1,1,1,1,0,0,1,
3343321541,1,1,0,0,0,1,1,1,0,1,0,0,0,1,1,1,0,0,0,0,1,0,0,1,1,1,0,0,0,1,0,1,
3819516028,1,1,1,0,0,0,1,1,1,0,1,0,1,0,0,1,0,0,1,1,0,0,0,0,0,1,1,1,1,1,0,0,
2879796267,1,0,1,0,1,0,1,1,1,0,1,0,0,1,1,0,0,0,1,1,0,1,0,0,0,0,1,0,1,0,1,1,
1378953016,0,1,0,1,0,0,1,0,0,0,1,1,0,0,0,1,0,0,1,0,0,1,1,1,0,0,1,1,1,0,0,0,
802099924,0,0,1,0,1,1,1,1,1,1,0,0,1,1,1,1,0,0,0,1,0,0,1,0,1,1,0,1,0,1,0,0,
3313628445,1,1,0,0,0,1,0,1,1,0,0,0,0,0,0,1,1,1,1,1,0,1,0,1,0,0,0,1,1,1,0,1,
612746666,0,0,1,0,0,1,0,0,1,0,0,0,0,1,0,1,1,1,0,0,0,1,0,1,1,0,1,0,1,0,1,0,
2478682395,1,0,0,1,0,0,1,1,1,0,1,1,1,1,0,1,1,0,1,1,0,0,0,1,0,0,0,1,1,0,1,1,
1442327213,0,1,0,1,0,1,0,1,1,1,1,1,1,0,0,0,0,0,1,0,1,0,1,0,1,0,1,0,1,1,0,1,
214614143,0,0,0,0,1,1,0,0,1,1,0,0,1,0,1,0,1,1,0,0,0,0,0,0,0,1,1,1,1,1,1,1,
4080606103,1,1,1,1,0,0,1,1,0,0,1,1,1,0,0,1,0,0,0,1,1,0,1,1,1,0,0,1,0,1,1,1,
807184173,0,0,1,1,0,0,0,0,0,0,0,1,1,1,0,0,1,0,1,0,0,1,1,1,0,0,1,0,1,1,0,1,
260441308,0,0,0,0,1,1,1,1,1,0,0,0,0,1,1,0,0,0,0,0,0,1,0,0,1,1,0,1,1,1,0,0,
2187724447,1,0,0,0,0,0,1,0,0,1,1,0,0,1,1,0,0,0,0,0,0,1,1,0,1,0,0,1,1,1,1,1,
4227321201,1,1,1,1,1,0,1,1,1,1,1,1,0,1,1,1,1,1,0,0,1,1,0,1,0,1,1,1,0,0,0,1,
1588340940,0,1,0,1,1,1,1,0,1,0,1,0,1,1,0,0,0,0,1,0,1,0,0,0,1,1,0,0,1,1,0,0,
4243845152,1,1,1,1,1,1,0,0,1,1,1,1,0,0,1,1,1,1,1,1,0,0,0,0,0,0,1,0,0,0,0,0,
240592204,0,0,0,0,1,1,1,0,0,1,0,1,0,1,1,1,0,0,1,0,0,1,0,1,0,1,0,0,1,1,0,0,
883565544,0,0,1,1,0,1,0,0,1,0,1,0,1,0,1,0,0,0,1,0,0,0,1,1,1,1,1,0,1,0,0,0,
097532317,0,0,0,0,0,1,0,1,1,1,0,1,0,0,0,0,0,0,1,1,1,0,0,1,1,0,0,1,1,1,0,1,
2771929555,1,0,1,0,0,1,0,1,0,0,1,1,1,0,0,0,0,1,0,0,1,0,0,1,1,1,0,1,0,0,1,1,
4145852026,1,1,1,1,0,1,1,1,0,0,0,1,1,1,0,0,1,0,1,0,1,1,1,0,0,1,1,1,1,0,1,0,
3235662351,1,1,0,0,0,0,0,0,1,1,0,1,1,1,0,0,0,1,0,0,1,0,1,0,0,0,0,0,1,1,1,1,
1307002997,0,1,0,0,1,1,0,1,1,1,1,0,0,1,1,1,0,1,0,0,1,0,0,0,0,1,1,1,0,1,0,1,
3635370276,1,1,0,1,1,0,0,0,1,0,1,0,1,1,1,1,0,1,0,1,1,0,0,1,0,0,1,0,0,1,0,0,
2150512316,1,0,0,0,0,0,0,0,0,0,1,0,1,1,1,0,0,0,1,1,0,1,1,0,1,0,1,1,1,1,0,0,
2374017079,1,0,0,0,1,1,0,1,1,0,0,0,0,0,0,0,1,0,1,0,0,0,0,0,0,0,1,1,0,1,1,1,
2514422939,1,0,0,1,0,1,0,1,1,1,0,1,1,1,1,1,0,0,0,0,1,1,0,0,1,0,0,1,1,0,1,1,
1529366676,0,1,0,1,1,0,1,1,0,0,1,0,1,0,0,0,0,1,0,0,1,0,0,0,1,0,0,1,0,1,0,0,
3789454707,1,1,1,0,0,0,0,1,1,1,0,1,1,1,1,0,0,1,1,1,1,1,0,1,0,1,1,1,0,0,1,1,
1964201170,0,1,1,1,0,1,0,1,0,0,0,1,0,0,1,1,0,1,0,1,0,1,0,0,1,1,0,1,0,0,1,0,
3533283570,1,1,0,1,0,0,1,0,1,0,0,1,1,0,0,1,1,0,1,0,0,0,0,0,1,1,1,1,0,0,1,0,
330440311,0,0,0,1,0,0,1,1,1,0,1,1,0,0,1,0,0,0,0,1,1,1,1,0,0,1,1,1,0,1,1,1,
3779406296,1,1,1,0,0,0,0,1,0,1,0,0,0,1,0,1,0,0,1,0,1,0,0,1,1,1,0,1,1,0,0,0,
4252208830,1,1,1,1,1,1,0,1,0,1,1,1,0,0,1,1,1,0,0,0,1,1,1,0,1,0,1,1,1,1,1,0,
2541720229,1,0,0,1,0,1,1,1,0,1,1,1,1,1,1,1,1,0,0,1,0,0,1,0,1,0,1,0,0,1,0,1,
513368250,0,0,0,1,1,1,1,0,1,0,0,1,1,0,0,1,0,1,1,0,0,0,0,0,1,0,1,1,1,0,1,0,
648091157,0,0,1,0,0,1,1,0,1,0,1,0,0,0,0,1,0,0,0,1,0,1,1,0,0,0,0,1,0,1,0,1,
2679858990,1,0,0,1,1,1,1,1,1,0,1,1,1,0,1,1,0,1,1,0,0,1,1,1,0,0,1,0,1,1,1,0,
485492032,0,0,0,1,1,1,0,0,1,1,1,1,0,0,0,0,0,0,0,0,0,1,0,1,0,1,0,0,0,0,0,0,
1967766052,0,1,1,1,0,1,0,1,0,1,0,0,1,0,0,1,1,0,1,1,1,0,1,0,0,0,1,0,0,1,0,0,
3393658022,1,1,0,0,1,0,1,0,0,1,0,0,0,1,1,1,0,0,0,1,1,1,0,0,1,0,1,0,0,1,1,0,
1859928327,0,1,1,0,1,1,1,0,1,1,0,1,1,1,0,0,0,1,0,0,0,0,0,1,0,0,0,0,0,1,1,1,
4249250061,1,1,1,1,1,1,0,1,0,1,0,0,0,1,1,0,0,1,1,0,1,0,0,1,0,0,0,0,1,1,0,1,
1406889744,0,1,0,1,0,0,1,1,1,1,0,1,1,0,1,1,0,1,1,0,1,1,1,1,0,0,0,1,0,0,0,0,
1052150165,0,0,1,1,1,1,1,0,1,0,1,1,0,1,1,0,1,0,0,0,1,0,0,1,1,0,0,1,0,1,0,1,
2470840098,1,0,0,1,0,0,1,1,0,1,0,0,0,1,1,0,0,0,0,0,0,1,1,1,0,0,1,0,0,0,1,0,
1290234175,0,1,0,0,1,1,0,0,1,1,1,0,0,1,1,1,0,1,1,0,1,0,0,1,0,0,1,1,1,1,1,1,
3883101139,1,1,1,0,0,1,1,1,0,1,1,1,0,0,1,1,0,1,1,0,1,0,1,1,1,1,0,1,0,0,1,1,
2696094136,1,0,1,0,0,0,0,0,1,0,1,1,0,0,1,1,0,0,1,0,0,0,0,1,1,0,1,1,1,0,0,0,
3946298604,1,1,1,0,1,0,1,1,0,0,1,1,0,1,1,1,1,0,1,1,1,1,0,0,1,1,1,0,1,1,0,0,
3879598843,1,1,1,0,0,1,1,1,0,0,1,1,1,1,0,1,1,1,1,1,1,0,1,0,1,1,1,1,1,0,1,1,
2927576703,1,0,1,0,1,1,1,0,0,1,1,1,1,1,1,1,0,1,0,0,0,1,1,0,0,1,1,1,1,1,1,1,
3446546763,1,1,0,0,1,1,0,1,0,1,1,0,1,1,1,0,0,0,1,0,0,0,0,1,0,1,0,0,1,0,1,1,
349443326,0,0,0,1,0,1,0,0,1,1,0,1,0,1,0,0,0,0,0,1,0,1,0,0,1,1,1,1,1,1,1,0,
1383708679,0,1,0,1,0,0,1,0,0,1,1,1,1,0,0,1,1,0,1,1,1,0,0,0,0,0,0,0,0,1,1,1,
3931740513,1,1,1,0,1,0,1,0,0,1,0,1,1,0,0,1,1,0,0,1,1,0,0,1,0,1,1,0,0,0,0,1,
3649708085,1,1,0,1,1,0,0,1,1,0,0,0,1,0,1,0,0,0,1,0,0,0,0,0,0,0,1,1,0,1,0,1,
2701966201,1,0,1,0,0,0,0,1,0,0,0,0,1,1,0,0,1,0,1,1,1,0,1,1,0,1,1,1,1,0,0,1,
1181771900,0,1,0,0,0,1,1,0,0,1,1,1,0,0,0,0,0,1,1,0,1,0,0,0,0,1,1,1,1,1,0,0,
1371428540,0,1,0,1,0,0,0,1,1,0,1,1,1,1,1,0,0,1,0,1,0,1,1,0,1,0,1,1,1,1,0,0,
3917105217,1,1,1,0,1,0,0,1,0,1,1,1,1,0,1,0,0,1,0,0,1,0,0,0,0,1,0,0,0,0,0,1,
1836354581,0,1,1,0,1,1,0,1,0,1,1,1,0,1,0,0,1,0,0,0,1,1,0,0,0,0,0,1,0,1,0,1,
4280524445,1,1,1,1,1,1,1,1,0,0,1,0,0,0,1,1,1,0,0,1,1,1,1,0,1,0,0,1,1,1,0,1,
4022757083,1,1,1,0,1,1,1,1,1,1,0,0,0,1,1,0,0,1,1,0,0,1,1,0,1,1,0,1,1,0,1,1,
372010255,0,0,0,1,0,1,1,0,0,0,1,0,1,1,0,0,0,1,1,0,1,1,0,1,0,0,0,0,1,1,1,1,
820005379,0,0,1,1,0,0,0,0,1,1,1,0,0,0,0,0,0,1,0,0,1,0,1,0,0,0,0,0,0,0,1,1,
599052453,0,0,1,0,0,0,1,1,1,0,1,1,0,1,0,0,1,1,0,1,0,0,0,0,1,0,1,0,0,1,0,1,
992440984,0,0,1,1,1,0,1,1,0,0,1,0,0,1,1,1,0,1,1,1,0,0,1,0,1,0,0,1,1,0,0,0,
3372460368,1,1,0,0,1,0,0,1,0,0,0,0,0,0,1,1,1,0,1,0,1,0,0,1,0,1,0,1,0,0,0,0,
844575527,0,0,1,1,0,0,1,0,0,1,0,1,0,1,1,1,0,0,1,1,0,0,1,1,0,0,1,0,0,1,1,1,
2128053692,0,1,1,1,1,1,1,0,1,1,0,1,0,1,1,1,1,0,0,0,0,1,0,1,1,0,1,1,1,1,0,0,
4156446244,1,1,1,1,0,1,1,1,1,0,1,1,1,1,1,0,0,1,0,1,0,1,1,0,0,0,1,0,0,1,0,0,
217850605,0,0,0,0,1,1,0,0,1,1,1,1,1,1,0,0,0,0,1,0,0,0,1,0,1,1,1,0,1,1,0,1,
875308457,0,0,1,1,0,1,0,0,0,0,1,0,1,1,0,0,0,0,1,0,0,1,0,1,1,0,1,0,1,0,0,1,
454246477,0,0,0,1,1,0,1,1,0,0,0,1,0,0,1,1,0,1,0,0,0,0,0,0,0,1,0,0,1,1,0,1,
3264552731,1,1,0,0,0,0,1,0,1,0,0,1,0,1,0,1,0,0,0,1,1,1,1,1,0,0,0,1,1,0,1,1,
2965609494,1,0,1,1,0,0,0,0,1,1,0,0,0,0,1,1,1,0,0,1,1,1,0,0,0,0,0,1,0,1,1,0,
2891035722,1,0,1,0,1,1,0,0,0,1,0,1,0,0,0,1,1,0,1,1,0,1,0,0,0,1,0,0,1,0,1,0,
4221989294,1,1,1,1,1,0,1,1,1,0,1,0,0,1,1,0,0,1,1,1,0,0,0,1,1,0,1,0,1,1,1,0,
2557462058,1,0,0,1,1,0,0,0,0,1,1,0,1,1,1,1,1,1,0,0,0,1,1,0,0,0,1,0,1,0,1,0,
4149442193,1,1,1,1,0,1,1,1,0,1,0,1,0,0,1,1,0,1,1,1,0,1,1,0,1,0,0,1,0,0,0,1,
4232450869,1,1,1,1,1,1,0,0,0,1,0,0,0,1,1,0,0,0,0,1,0,0,1,1,0,0,1,1,0,1,0,1,
3401026415,1,1,0,0,1,0,1,0,1,0,1,1,0,1,1,1,1,0,0,0,1,0,1,1,0,1,1,0,1,1,1,1,
3932177314,1,1,1,0,1,0,1,0,0,1,1,0,0,0,0,0,0,1,0,0,0,0,1,1,1,0,1,0,0,0,1,0,
4181291385,1,1,1,1,1,0,0,1,0,0,1,1,1,0,0,1,0,1,1,1,0,0,0,1,0,1,1,1,1,0,0,1,
2592781109,1,0,0,1,1,0,1,0,1,0,0,0,1,0,1,0,1,0,1,1,0,0,1,1,0,0,1,1,0,1,0,1,
663713845,0,0,1,0,0,1,1,1,1,0,0,0,1,1,1,1,0,1,1,1,1,0,0,0,0,0,1,1,0,1,0,1,
1498736679,0,1,0,1,1,0,0,1,0,1,0,1,0,1,0,0,1,1,1,0,1,0,0,0,0,0,1,0,0,1,1,1,
1470731006,0,1,0,1,0,1,1,1,1,0,1,0,1,0,0,1,1,0,0,1,0,0,1,0,1,1,1,1,1,1,1,0,
801543557,0,0,1,0,1,1,1,1,1,1,0,0,0,1,1,0,1,0,0,1,0,1,0,1,1,0,0,0,0,1,0,1,
1721727088,0,1,1,0,0,1,1,0,1,0,0,1,1,1,1,1,0,1,1,1,1,0,0,0,0,1,1,1,0,0,0,0,
972067593,0,0,1,1,1,0,0,1,1,1,1,1,0,0,0,0,1,0,0,1,0,0,1,1,0,0,0,0,1,0,0,1,
3379175701,1,1,0,0,1,0,0,1,0,1,1,0,1,0,1,0,0,0,1,0,0,0,0,1,0,0,0,1,0,1,0,1,
3409771670,1,1,0,0,1,0,1,1,0,0,1,1,1,1,0,0,1,1,1,1,1,1,0,0,1,0,0,1,0,1,1,0,
3916041292,1,1,1,0,1,0,0,1,0,1,1,0,1,0,1,0,0,0,0,0,1,1,0,0,0,1,0,0,1,1,0,0,
3070898134,1,0,1,1,0,1,1,1,0,0,0,0,1,0,1,0,0,0,1,0,1,1,1,1,1,1,0,1,0,1,1,0,
1628961391,0,1,1,0,0,0,0,1,0,0,0,1,0,1,1,1,1,1,1,1,1,0,1,0,0,1,1,0,1,1,1,1,
2158535595,1,0,0,0,0,0,0,0,1,0,1,0,1,0,0,0,1,0,1,0,0,0,1,1,1,0,1,0,1,0,1,1,
625981270,0,0,1,0,0,1,0,1,0,1,0,0,1,1,1,1,1,0,1,1,0,1,1,1,0,1,0,1,0,1,1,0,
1217974197,0,1,0,0,1,0,0,0,1,0,0,1,1,0,0,0,1,1,0,0,1,1,1,1,1,0,1,1,0,1,0,1,
1090652983,0,1,0,0,0,0,0,1,0,0,0,0,0,0,1,0,0,0,0,0,1,0,1,1,0,0,1,1,0,1,1,1,
2066766325,0,1,1,1,1,0,1,1,0,0,1,1,0,0,0,0,0,1,0,1,1,0,0,1,1,1,1,1,0,1,0,1,
3477419695,1,1,0,0,1,1,1,1,0,1,0,0,0,1,0,1,0,0,1,1,0,1,1,0,1,0,1,0,1,1,1,1,
3069623382,1,0,1,1,0,1,1,0,1,1,1,1,0,1,1,0,1,0,1,1,1,1,0,0,0,1,0,1,0,1,1,0,
400709948,0,0,0,1,0,1,1,1,1,1,1,0,0,0,1,0,0,1,0,1,1,0,0,1,0,0,1,1,1,1,0,0,
2886138289,1,0,1,0,1,1,0,0,0,0,0,0,0,1,1,0,1,1,1,1,1,0,0,1,1,0,1,1,0,0,0,1,
2839975169,1,0,1,0,1,0,0,1,0,1,0,0,0,1,1,0,1,0,0,1,0,1,0,1,0,0,0,0,0,0,0,1,
2521830511,1,0,0,1,0,1,1,0,0,1,0,1,0,0,0,0,0,0,0,1,0,1,0,0,0,1,1,0,1,1,1,1,
4087166457,1,1,1,1,0,0,1,1,1,0,0,1,1,1,0,1,0,0,1,1,0,1,0,1,1,1,1,1,1,0,0,1,
169018733,0,0,0,0,1,0,1,0,0,0,0,1,0,0,1,1,0,0,0,0,0,1,0,1,0,1,1,0,1,1,0,1,
3562056148,1,1,0,1,0,1,0,0,0,1,0,1,0,0,0,0,1,0,1,0,1,0,0,1,1,1,0,1,0,1,0,0,
3480678580,1,1,0,0,1,1,1,1,0,1,1,1,0,1,1,0,1,1,1,1,0,0,0,0,1,0,1,1,0,1,0,0,
379216467,0,0,0,1,0,1,1,0,1,0,0,1,1,0,1,0,0,1,1,0,0,0,1,0,0,1,0,1,0,0,1,1,
1222184206,0,1,0,0,1,0,0,0,1,1,0,1,1,0,0,1,0,0,0,0,1,1,0,1,0,0,0,0,1,1,1,0,
3286763781,1,1,0,0,0,0,1,1,1,1,1,0,1,0,0,0,0,0,0,0,1,0,0,1,0,0,0,0,0,1,0,1,
1734196248,0,1,1,0,0,1,1,1,0,1,0,1,1,1,0,1,1,0,1,1,1,1,0,0,0,0,0,1,1,0,0,0,
3771237260,1,1,1,0,0,0,0,0,1,1,0,0,1,0,0,0,1,0,0,0,0,0,1,1,1,0,0,0,1,1,0,0,
1193233389,0,1,0,0,0,1,1,1,0,0,0,1,1,1,1,1,0,1,0,0,1,0,1,1,1,1,1,0,1,1,0,1,
3930614610,1,1,1,0,1,0,1,0,0,1,0,0,1,0,0,0,0,1,1,0,1,0,1,1,0,1,0,1,0,0,1,0,
3656851492,1,1,0,1,1,0,0,1,1,1,1,1,0,1,1,1,0,0,1,0,0,0,0,0,0,0,1,0,0,1,0,0,
2728565536,1,0,1,0,0,0,1,0,1,0,1,0,0,0,1,0,1,0,0,1,1,0,1,1,0,0,1,0,0,0,0,0,
238813041,0,0,0,0,1,1,1,0,0,0,1,1,1,0,1,1,1,1,1,1,1,1,1,1,0,1,1,1,0,0,0,1,
766449424,0,0,1,0,1,1,0,1,1,0,1,0,1,1,1,1,0,0,0,1,0,1,1,1,0,0,0,1,0,0,0,0,
4289322316,1,1,1,1,1,1,1,1,1,0,1,0,1,0,0,1,1,1,0,1,1,1,0,1,0,1,0,0,1,1,0,0,
3030676720,1,0,1,1,0,1,0,0,1,0,1,0,0,1,0,0,0,1,1,1,0,1,0,0,1,1,1,1,0,0,0,0,
2417365327,1,0,0,1,0,0,0,0,0,0,0,1,0,1,1,0,0,0,0,1,0,0,0,1,0,1,0,0,1,1,1,1,
152319248,0,0,0,0,1,0,0,1,0,0,0,1,0,1,0,0,0,0,1,1,0,1,0,1,0,0,0,1,0,0,0,0,
701302757,0,0,1,0,1,0,0,1,1,1,0,0,1,1,0,1,0,0,0,0,0,1,1,1,1,1,1,0,0,1,0,1,
2192344755,1,0,0,0,0,0,1,0,1,0,1,0,1,1,0,0,1,0,0,0,0,1,1,0,1,0,1,1,0,0,1,1,
1323523670,0,1,0,0,1,1,1,0,1,1,1,0,0,0,1,1,0,1,0,1,1,1,1,0,0,1,0,1,0,1,1,0,
3183354056,1,0,1,1,1,1,0,1,1,0,1,1,1,1,1,0,0,0,1,0,0,0,0,0,1,1,0,0,1,0,0,0,
625494912,0,0,1,0,0,1,0,1,0,1,0,0,1,0,0,0,0,1,0,0,1,0,1,1,1,0,0,0,0,0,0,0,
014378857,0,0,0,0,0,0,0,0,1,1,0,1,1,0,1,1,0,1,1,0,0,1,1,1,0,1,1,0,1,0,0,1,
2877168367,1,0,1,0,1,0,1,1,0,1,1,1,1,1,1,0,0,0,0,1,1,0,1,0,1,1,1,0,1,1,1,1,
2424079124,1,0,0,1,0,0,0,0,0,1,1,1,1,1,0,0,1,0,0,0,0,0,1,1,0,0,0,1,0,1,0,0,
2223497981,1,0,0,0,0,1,0,0,1,0,0,0,0,1,1,1,1,1,1,0,0,0,1,0,1,1,1,1,1,1,0,1,
2273709400,1,0,0,0,0,1,1,1,1,0,0,0,0,1,1,0,0,0,0,0,1,1,0,1,0,1,0,1,1,0,0,0,
925752724,0,0,1,1,0,1,1,1,0,0,1,0,1,1,0,1,1,1,0,1,1,1,0,1,1,0,0,1,0,1,0,0,
680554228,0,0,1,0,1,0,0,0,1,0,0,1,0,0,0,0,0,1,1,0,1,1,1,0,1,1,1,1,0,1,0,0,
2665274573,1,0,0,1,1,1,1,0,1,1,0,1,1,1,0,0,1,1,0,1,1,1,0,0,1,1,0,0,1,1,0,1,
4258512082,1,1,1,1,1,1,0,1,1,1,0,1,0,0,1,1,1,0,1,1,1,1,0,0,1,1,0,1,0,0,1,0,
1484157710,0,1,0,1,1,0,0,0,0,1,1,1,0,1,1,0,0,1,1,1,0,0,1,1,0,0,0,0,1,1,1,0,
4269539018,1,1,1,1,1,1,1,0,0,1,1,1,1,0,1,1,1,1,1,1,1,1,1,0,1,1,0,0,1,0,1,0,
1568217638,0,1,0,1,1,1,0,1,0,1,1,1,1,0,0,1,0,0,0,1,1,0,1,0,0,0,1,0,0,1,1,0,
3346821537,1,1,0,0,0,1,1,1,0,1,1,1,1,1,0,0,0,1,1,1,0,0,0,1,1,0,1,0,0,0,0,1,
334688162,0,0,0,1,0,0,1,1,1,1,1,1,0,0,1,0,1,1,1,0,1,1,1,1,1,0,1,0,0,0,1,0,
1409854645,0,1,0,1,0,1,0,0,0,0,0,0,1,0,0,0,1,0,1,0,1,1,0,0,1,0,1,1,0,1,0,1,
3951111916,1,1,1,0,1,0,1,1,1,0,0,0,0,0,0,1,0,0,1,0,1,1,1,0,1,1,1,0,1,1,0,0,
1486757896,0,1,0,1,1,0,0,0,1,0,0,1,1,1,1,0,0,0,1,0,0,0,0,0,0,0,0,0,1,0,0,0,
648355003,0,0,1,0,0,1,1,0,1,0,1,0,0,1,0,1,0,0,0,1,1,1,0,0,1,0,1,1,1,0,1,1,
2382097610,1,0,0,0,1,1,0,1,1,1,1,1,1,0,1,1,1,1,1,0,1,1,0,0,1,1,0,0,1,0,1,0,
3343738374,1,1,0,0,0,1,1,1,0,1,0,0,1,1,0,1,0,1,1,0,0,1,1,0,0,0,0,0,0,1,1,0,
2046773081,0,1,1,1,1,0,0,1,1,1,1,1,1,1,1,1,0,1,0,0,0,1,1,1,0,1,0,1,1,0,0,1,
2157903920,1,0,0,0,0,0,0,0,1,0,0,1,1,1,1,1,0,0,0,0,0,0,0,0,0,0,1,1,0,0,0,0,
1800454696,0,1,1,0,1,0,1,1,0,1,0,1,0,0,0,0,1,1,0,0,0,0,1,0,0,0,1,0,1,0,0,0,
3557455968,1,1,0,1,0,1,0,0,0,0,0,0,1,0,1,0,0,1,1,1,1,0,0,0,0,1,1,0,0,0,0,0,
473825751,0,0,0,1,1,1,0,0,0,0,1,1,1,1,1,0,0,0,0,0,0,0,0,1,1,1,0,1,0,1,1,1,
1188638300,0,1,0,0,0,1,1,0,1,1,0,1,1,0,0,1,0,0,1,0,1,1,1,0,0,1,0,1,1,1,0,0,
1972512198,0,1,1,1,0,1,0,1,1,0,0,1,0,0,1,0,0,0,1,0,0,1,0,1,1,1,0,0,0,1,1,0,
1124155048,0,1,0,0,0,0,1,1,0,0,0,0,0,0,0,1,0,0,1,1,1,1,1,0,1,0,1,0,1,0,0,0,
4172745100,1,1,1,1,1,0,0,0,1,0,1,1,0,1,1,1,0,0,0,0,1,0,0,1,1,0,0,0,1,1,0,0,
1710559286,0,1,1,0,0,1,0,1,1,1,1,1,0,1,0,1,0,0,0,1,0,0,0,0,0,0,1,1,0,1,1,0,
3972564027,1,1,1,0,1,1,0,0,1,1,0,0,1,0,0,0,1,0,0,0,0,1,0,0,0,0,1,1,1,0,1,1,
1216155622,0,1,0,0,1,0,0,0,0,1,1,1,1,1,0,1,0,0,0,0,1,1,1,1,1,1,1,0,0,1,1,0,
2270075376,1,0,0,0,0,1,1,1,0,1,0,0,1,1,1,0,1,0,0,1,1,0,0,1,1,1,1,1,0,0,0,0,
2612069094,1,0,0,1,1,0,1,1,1,0,1,1,0,0,0,1,0,0,0,0,0,0,1,0,1,1,1,0,0,1,1,0,
2478252699,1,0,0,1,0,0,1,1,1,0,1,1,0,1,1,1,0,0,1,0,0,0,1,0,1,0,0,1,1,0,1,1,
626517423,0,0,1,0,0,1,0,1,0,1,0,1,0,1,1,1,1,1,1,0,0,1,0,1,1,0,1,0,1,1,1,1,
2012474641,0,1,1,1,0,1,1,1,1,1,1,1,0,0,1,1,1,1,1,0,1,1,0,1,0,0,0,1,0,0,0,1,
1919211557,0,1,1,1,0,0,1,0,0,1,1,0,0,1,0,0,1,1,0,1,1,0,0,0,0,0,1,0,0,1,0,1,
2283218545,1,0,0,0,1,0,0,0,0,0,0,1,0,1,1,1,0,0,1,0,0,1,1,0,0,1,1,1,0,0,0,1,
2183505840,1,0,0,0,0,0,1,0,0,0,1,0,0,1,0,1,1,0,1,0,0,1,1,1,1,0,1,1,0,0,0,0,
361211977,0,0,0,1,0,1,0,1,1,0,0,0,0,1,1,1,1,0,1,0,1,0,0,0,0,1,0,0,1,0,0,1,
3729311009,1,1,0,1,1,1,1,0,0,1,0,0,1,0,0,0,1,1,0,0,0,1,0,1,0,0,1,0,0,0,0,1,
1282305191,0,1,0,0,1,1,0,0,0,1,1,0,1,1,1,0,0,1,1,0,1,1,0,0,1,0,1,0,0,1,1,1,
2389799072,1,0,0,0,1,1,1,0,0,1,1,1,0,0,0,1,0,1,1,1,0,0,0,0,1,0,1,0,0,0,0,0,
472400479,0,0,0,1,1,1,0,0,0,0,1,0,1,0,0,0,0,1,0,0,0,0,1,0,0,1,0,1,1,1,1,1,
1221144613,0,1,0,0,1,0,0,0,1,1,0,0,1,0,0,1,0,0,1,1,0,0,0,0,0,0,1,0,0,1,0,1,
169359585,0,0,0,0,1,0,1,0,0,0,0,1,1,0,0,0,0,0,1,1,1,0,0,0,1,1,1,0,0,0,0,1,
1322065434,0,1,0,0,1,1,1,0,1,1,0,0,1,1,0,1,0,0,0,1,1,1,1,0,0,0,0,1,1,0,1,0,
3278602817,1,1,0,0,0,0,1,1,0,1,1,0,1,0,1,1,1,0,0,0,0,0,1,0,0,1,0,0,0,0,0,1,
250221491,0,0,0,0,1,1,1,0,1,1,1,0,1,0,1,0,0,0,0,1,0,0,1,1,1,0,1,1,0,0,1,1,
2656079598,1,0,0,1,1,1,1,0,0,1,0,1,0,0,0,0,1,0,0,0,1,1,1,0,1,1,1,0,1,1,1,0,
1456272025,0,1,0,1,0,1,1,0,1,1,0,0,1,1,0,0,1,1,1,1,0,0,1,0,1,0,0,1,1,0,0,1,
2230207436,1,0,0,0,0,1,0,0,1,1,1,0,1,1,1,0,0,1,0,0,0,0,1,1,1,1,0,0,1,1,0,0,
1593361810,0,1,0,1,1,1,1,0,1,1,1,1,1,0,0,0,1,1,0,0,0,1,0,1,1,0,0,1,0,0,1,0,
1544821434,0,1,0,1,1,1,0,0,0,0,0,1,0,1,0,0,0,0,0,1,1,0,1,0,1,0,1,1,1,0,1,0,
4044366201,1,1,1,1,0,0,0,1,0,0,0,1,0,0,0,0,0,0,1,0,0,0,0,1,0,1,1,1,1,0,0,1,
4150540261,1,1,1,1,0,1,1,1,0,1,1,0,0,1,0,0,0,0,1,1,0,1,1,1,1,1,1,0,0,1,0,1,
1575074984,0,1,0,1,1,1,0,1,1,1,1,0,0,0,0,1,1,0,1,1,1,1,0,0,1,0,1,0,1,0,0,0,
1835912653,0,1,1,0,1,1,0,1,0,1,1,0,1,1,0,1,1,1,0,0,1,1,0,1,1,1,0,0,1,1,0,1,
869358211,0,0,1,1,0,0,1,1,1,1,0,1,0,0,0,1,0,1,0,1,1,0,1,0,1,0,0,0,0,0,1,1,
3477432424,1,1,0,0,1,1,1,1,0,1,0,0,0,1,0,1,0,1,1,0,1,0,0,0,0,1,1,0,1,0,0,0,
309904534,0,0,0,1,0,0,1,0,0,1,1,1,1,0,0,0,1,1,0,0,0,1,0,0,1,0,0,1,0,1,1,0,
744403330,0,0,1,0,1,1,0,0,0,1,0,1,1,1,1,0,1,0,1,1,0,0,0,1,1,0,0,0,0,0,1,0,
3932114775,1,1,1,0,1,0,1,0,0,1,0,1,1,1,1,1,0,1,0,0,1,1,1,1,0,1,0,1,0,1,1,1,
2342179532,1,0,0,0,1,0,1,1,1,0,0,1,1,0,1,0,1,1,0,1,0,0,1,0,1,1,0,0,1,1,0,0,
1429825524,0,1,0,1,0,1,0,1,0,0,1,1,1,0,0,1,0,1,1,0,0,1,1,1,1,1,1,1,0,1,0,0,
1582784161,0,1,0,1,1,1,1,0,0,1,0,1,0,1,1,1,0,1,0,1,1,1,1,0,1,0,1,0,0,0,0,1,
1019682691,0,0,1,1,1,1,0,0,1,1,0,0,0,1,1,1,0,0,0,1,1,1,1,1,1,0,0,0,0,0,1,1,
1236466272,0,1,0,0,1,0,0,1,1,0,1,1,0,0,1,0,1,1,1,1,1,0,1,0,0,1,1,0,0,0,0,0,
1768671473,0,1,1,0,1,0,0,1,0,1,1,0,1,0,1,1,1,1,0,0,1,0,0,0,1,1,1,1,0,0,0,1,
4272777425,1,1,1,1,1,1,1,0,1,0,1,0,1,1,0,1,0,1,1,0,1,0,0,0,1,1,0,1,0,0,0,1,
2721449736,1,0,1,0,0,0,1,0,0,0,1,1,0,1,1,0,0,0,0,0,0,1,1,1,0,0,0,0,1,0,0,0,
3505068257,1,1,0,1,0,0,0,0,1,1,1,0,1,0,1,1,0,0,0,1,1,0,0,0,1,1,1,0,0,0,0,1,
1656334613,0,1,1,0,0,0,1,0,1,0,1,1,1,0,0,1,1,0,1,0,1,0,0,1,0,0,0,1,0,1,0,1,
982000040,0,0,1,1,1,0,1,0,1,0,0,0,1,0,0,0,0,0,1,0,0,0,0,1,1,0,1,0,1,0,0,0,
1668685072,0,1,1,0,0,0,1,1,0,1,1,1,0,1,1,0,0,0,0,1,1,1,0,1,0,0,0,1,0,0,0,0,
3342552898,1,1,0,0,0,1,1,1,0,0,1,1,1,0,1,1,0,1,0,0,1,1,1,1,0,1,0,0,0,0,1,0,
2214132575,1,0,0,0,0,0,1,1,1,1,1,1,1,0,0,0,1,1,1,1,1,0,1,1,0,1,0,1,1,1,1,1,
099270168,0,0,0,0,0,1,0,1,1,1,1,0,1,0,1,0,1,0,1,1,1,1,1,0,0,0,0,1,1,0,0,0,
4153451678,1,1,1,1,0,1,1,1,1,0,0,1,0,0,0,0,1,0,1,0,0,1,0,0,1,0,0,1,1,1,1,0,
4161591317,1,1,1,1,1,0,0,0,0,0,0,0,1,1,0,0,1,1,0,1,1,0,0,0,0,0,0,1,0,1,0,1,
3307477078,1,1,0,0,0,1,0,1,0,0,1,0,0,1,0,0,0,0,0,1,1,0,0,0,0,1,0,1,0,1,1,0,
3239386996,1,1,0,0,0,0,0,1,0,0,0,1,0,1,0,1,0,0,0,1,1,1,1,1,0,1,1,1,0,1,0,0,
2978963737,1,0,1,1,0,0,0,1,1,0,0,0,1,1,1,1,0,1,1,0,0,0,0,1,0,0,0,1,1,0,0,1,
1061921895,0,0,1,1,1,1,1,1,0,1,0,0,1,0,1,1,1,0,1,0,0,1,0,0,0,1,1,0,0,1,1,1,
3466651532,1,1,0,0,1,1,1,0,1,0,1,0,0,0,0,0,1,1,1,0,0,1,1,1,1,0,0,0,1,1,0,0,
3537634507,1,1,0,1,0,0,1,0,1,1,0,1,1,1,0,0,0,0,0,0,0,1,0,0,1,1,0,0,1,0,1,1,
2228103056,1,0,0,0,0,1,0,0,1,1,0,0,1,1,1,0,0,0,1,0,0,1,1,1,1,0,0,1,0,0,0,0,
2476607348,1,0,0,1,0,0,1,1,1,0,0,1,1,1,1,0,0,0,0,0,0,1,1,1,0,1,1,1,0,1,0,0,
2908880396,1,0,1,0,1,1,0,1,0,1,1,0,0,0,0,1,1,1,1,1,1,1,1,0,0,0,0,0,1,1,0,0,
1723801136,0,1,1,0,0,1,1,0,1,0,1,1,1,1,1,1,0,0,0,1,1,1,1,0,0,0,1,1,0,0,0,0,
2698613997,1,0,1,0,0,0,0,0,1,1,0,1,1,0,0,1,1,0,0,1,0,1,0,0,1,1,1,0,1,1,0,1,
1423002212,0,1,0,1,0,1,0,0,1,1,0,1,0,0,0,1,0,1,0,0,1,0,1,0,0,1,1,0,0,1,0,0,
4270873651,1,1,1,1,1,1,1,0,1,0,0,1,0,0,0,0,0,1,0,1,1,1,0,0,0,0,1,1,0,0,1,1,
205089066,0,0,0,0,1,1,0,0,0,0,1,1,1,0,0,1,0,1,1,0,1,0,0,1,0,0,1,0,1,0,1,0,
3012950826,1,0,1,1,0,0,1,1,1,0,0,1,0,1,0,1,1,1,1,1,1,0,1,1,0,0,1,0,1,0,1,0,
1408857348,0,1,0,1,0,0,1,1,1,1,1,1,1,0,0,1,0,1,1,1,0,1,0,1,0,0,0,0,0,1,0,0,
1083155019,0,1,0,0,0,0,0,0,1,0,0,0,1,1,1,1,1,0,1,0,0,0,1,0,0,1,0,0,1,0,1,1,
2040805053,0,1,1,1,1,0,0,1,1,0,1,0,0,1,0,0,0,0,1,1,0,1,1,0,1,0,1,1,1,1,0,1,
297002605,0,0,0,1,0,0,0,1,1,0,1,1,0,0,1,1,1,1,1,0,0,1,1,0,0,1,1,0,1,1,0,1,
1097962629,0,1,0,0,0,0,0,1,0,1,1,1,0,0,0,1,1,0,0,1,0,1,0,0,1,0,0,0,0,1,0,1,
3194933116,1,0,1,1,1,1,1,0,0,1,1,0,1,1,1,0,1,1,0,0,1,1,1,1,0,1,1,1,1,1,0,0,
1423629588,0,1,0,1,0,1,0,0,1,1,0,1,1,0,1,0,1,1,0,1,1,1,0,1,0,0,0,1,0,1,0,0,
264074638,0,0,0,0,1,1,1,1,1,0,1,1,1,1,0,1,0,1,1,1,0,1,0,1,1,0,0,0,1,1,1,0,
2522180752,1,0,0,1,0,1,1,0,0,1,0,1,0,1,0,1,0,1,1,0,1,1,0,0,1,0,0,1,0,0,0,0,
2803477013,1,0,1,0,0,1,1,1,0,0,0,1,1,0,0,1,1,0,1,0,1,0,1,0,0,0,0,1,0,1,0,1,
3970654639,1,1,1,0,1,1,0,0,1,0,1,0,1,0,1,1,0,1,1,0,0,0,0,1,1,0,1,0,1,1,1,1,
2678332906,1,0,0,1,1,1,1,1,1,0,1,0,0,1,0,0,0,0,0,1,1,1,0,1,1,1,1,0,1,0,1,0,
2598557029,1,0,0,1,1,0,1,0,1,1,1,0,0,0,1,0,1,1,0,1,0,1,0,1,0,1,1,0,0,1,0,1,
808500822,0,0,1,1,0,0,0,0,0,0,1,1,0,0,0,0,1,0,1,1,1,1,1,0,0,1,0,1,0,1,1,0,
4205046494,1,1,1,1,1,0,1,0,1,0,1,0,0,0,1,1,1,1,1,0,1,0,1,0,1,1,0,1,1,1,1,0,
4060113695,1,1,1,1,0,0,1,0,0,0,0,0,0,0,0,0,0,1,1,0,1,0,1,1,0,0,0,1,1,1,1,1,
389702128,0,0,0,1,0,1,1,1,0,0,1,1,1,0,1,0,0,1,1,0,0,0,0,1,1,1,1,1,0,0,0,0,
077916610,0,0,0,0,0,1,0,0,1,0,1,0,0,1,0,0,1,1,1,0,1,0,0,1,1,1,0,0,0,0,1,0,
1032713542,0,0,1,1,1,1,0,1,1,0,0,0,1,1,0,1,1,1,1,1,0,1,0,1,0,1,0,0,0,1,1,0,
443255911,0,0,0,1,1,0,1,0,0,1,1,0,1,0,1,1,1,0,0,0,1,1,0,0,0,1,1,0,0,1,1,1,
2162951705,1,0,0,0,0,0,0,0,1,1,1,0,1,1,0,0,0,0,0,0,0,1,1,0,0,0,0,1,1,0,0,1,
2844544133,1,0,1,0,1,0,0,1,1,0,0,0,1,1,0,0,0,1,0,0,1,1,0,0,1,0,0,0,0,1,0,1,
2029147965,0,1,1,1,1,0,0,0,1,1,1,1,0,0,1,0,0,1,0,1,0,1,1,1,0,0,1,1,1,1,0,1,
1638010179,0,1,1,0,0,0,0,1,1,0,1,0,0,0,1,0,0,0,0,0,1,1,0,1,0,1,0,0,0,0,1,1,
3472692395,1,1,0,0,1,1,1,0,1,1,1,1,1,1,0,1,0,0,0,1,0,1,0,0,1,0,1,0,1,0,1,1,
2343001022,1,0,0,0,1,0,1,1,1,0,1,0,0,1,1,1,0,1,0,1,1,0,1,1,1,0,1,1,1,1,1,0,
3432344803,1,1,0,0,1,1,0,0,1,0,0,1,0,1,0,1,0,1,1,0,1,1,0,0,1,1,1,0,0,0,1,1,
2002253742,0,1,1,1,0,1,1,1,0,1,0,1,0,1,1,1,1,1,1,1,0,1,1,1,1,0,1,0,1,1,1,0,
1290053058,0,1,0,0,1,1,0,0,1,1,1,0,0,1,0,0,1,0,1,0,0,1,0,1,1,1,0,0,0,0,1,0,
2167808100,1,0,0,0,0,0,0,1,0,0,1,1,0,1,1,0,0,0,1,0,0,0,0,0,0,1,1,0,0,1,0,0,
1628525995,0,1,1,0,0,0,0,1,0,0,0,1,0,0,0,1,0,1,0,1,0,1,0,1,1,0,1,0,1,0,1,1,
4226933078,1,1,1,1,1,0,1,1,1,1,1,1,0,0,0,1,1,1,1,0,0,0,0,1,0,1,0,1,0,1,1,0,
3582545935,1,1,0,1,0,1,0,1,1,0,0,0,1,0,0,1,0,1,0,1,0,0,0,0,0,0,0,0,1,1,1,1,
1813726045,0,1,1,0,1,1,0,0,0,0,0,1,1,0,1,1,0,1,0,0,0,0,1,1,0,1,0,1,1,1,0,1,
4045618578,1,1,1,1,0,0,0,1,0,0,1,0,0,0,1,1,0,0,1,1,1,1,0,1,1,0,0,1,0,0,1,0,
2170096060,1,0,0,0,0,0,0,1,0,1,0,1,1,0,0,1,0,0,0,0,1,0,0,1,1,0,1,1,1,1,0,0,
1375040296,0,1,0,1,0,0,0,1,1,1,1,1,0,1,0,1,0,1,1,1,0,0,1,1,0,0,1,0,1,0,0,0,
2482181409,1,0,0,1,0,0,1,1,1,1,1,1,0,0,1,1,0,0,0,1,0,1,0,1,0,0,1,0,0,0,0,1,
386163776,0,0,0,1,0,1,1,1,0,0,0,0,0,1,0,0,0,1,1,0,0,1,0,0,0,1,0,0,0,0,0,0,
1855072422,0,1,1,0,1,1,1,0,1,0,0,1,0,0,1,0,0,0,1,0,1,0,0,0,1,0,1,0,0,1,1,0,
4006741961,1,1,1,0,1,1,1,0,1,1,0,1,0,0,1,0,0,0,0,0,0,1,1,1,1,1,0,0,1,0,0,1,
1264727087,0,1,0,0,1,0,1,1,0,1,1,0,0,0,1,0,0,0,1,1,0,1,0,0,0,0,1,0,1,1,1,1,
1548470217,0,1,0,1,1,1,0,0,0,1,0,0,1,0,1,1,1,1,0,0,0,1,1,1,1,1,0,0,1,0,0,1,
4225850204,1,1,1,1,1,0,1,1,1,1,1,0,0,0,0,1,0,1,0,1,1,0,1,1,0,1,0,1,1,1,0,0,
2566541019,1,0,0,1,1,0,0,0,1,1,1,1,1,0,1,0,0,1,0,0,1,1,1,0,1,1,0,1,1,0,1,1,
3433887436,1,1,0,0,1,1,0,0,1,0,1,0,1,1,0,0,1,1,1,1,0,1,1,0,1,1,0,0,1,1,0,0,
4044578368,1,1,1,1,0,0,0,1,0,0,0,1,0,0,1,1,0,1,0,1,1,1,1,0,0,1,0,0,0,0,0,0,
2755000108,1,0,1,0,0,1,0,0,0,0,1,1,0,1,0,1,1,1,1,1,0,1,1,1,0,0,1,0,1,1,0,0,
2575696183,1,0,0,1,1,0,0,1,1,0,0,0,0,1,1,0,0,0,0,0,0,0,0,1,0,0,1,1,0,1,1,1,
2727425584,1,0,1,0,0,0,1,0,1,0,0,1,0,0,0,1,0,0,1,1,0,1,1,0,0,0,1,1,0,0,0,0,
945332382,0,0,1,1,1,0,0,0,0,1,0,1,1,0,0,0,1,0,1,0,0,0,0,0,1,0,0,1,1,1,1,0,
693337328,0,0,1,0,1,0,0,1,0,1,0,1,0,0,1,1,0,1,1,1,1,1,0,0,1,1,1,1,0,0,0,0,
2700685625,1,0,1,0,0,0,0,0,1,1,1,1,1,0,0,1,0,0,1,1,0,0,0,1,0,0,1,1,1,0,0,1,
1029747863,0,0,1,1,1,1,0,1,0,1,1,0,0,0,0,0,1,0,1,1,0,1,0,0,1,0,0,1,0,1,1,1,
787732336,0,0,1,0,1,1,1,0,1,1,1,1,0,0,1,1,1,1,0,1,0,1,1,1,0,1,1,1,0,0,0,0,
1398381069,0,1,0,1,0,0,1,1,0,1,0,1,1,0,0,1,1,0,0,1,1,0,1,0,0,0,0,0,1,1,0,1,
898056273,0,0,1,1,0,1,0,1,1,0,0,0,0,1,1,1,0,1,0,0,0,0,0,0,0,1,0,1,0,0,0,1,
981081708,0,0,1,1,1,0,1,0,0,1,1,1,1,0,1,0,0,0,0,1,1,1,1,0,0,1,1,0,1,1,0,0,
4148397722,1,1,1,1,0,1,1,1,0,1,0,0,0,0,1,1,1,0,0,0,0,1,1,0,1,0,0,1,1,0,1,0,
2721378731,1,0,1,0,0,0,1,0,0,0,1,1,0,1,0,0,1,1,1,1,0,0,0,1,1,0,1,0,1,0,1,1,
1357770234,0,1,0,1,0,0,0,0,1,1,1,0,1,1,0,1,1,1,1,0,1,1,0,1,1,1,1,1,1,0,1,0,
514390479,0,0,0,1,1,1,1,0,1,0,1,0,1,0,0,0,1,1,1,1,1,0,0,1,1,1,0,0,1,1,1,1,
3669131439,1,1,0,1,1,0,1,0,1,0,1,1,0,0,1,0,1,0,0,0,0,0,0,0,1,0,1,0,1,1,1,1,
2619147795,1,0,0,1,1,1,0,0,0,0,0,1,1,1,0,1,0,0,0,0,0,1,1,0,0,0,0,1,0,0,1,1,
2115013863,0,1,1,1,1,1,1,0,0,0,0,1,0,0,0,0,1,0,0,0,1,1,0,0,1,1,1,0,0,1,1,1,
3635184621,1,1,0,1,1,0,0,0,1,0,1,0,1,1,0,0,1,0,0,0,0,0,1,1,1,1,1,0,1,1,0,1,
196393248,0,0,0,0,1,0,1,1,1,0,1,1,0,1,0,0,1,0,1,1,1,0,0,1,0,0,1,0,0,0,0,0,
657317160,0,0,1,0,0,1,1,1,0,0,1,0,1,1,0,1,1,1,0,1,1,1,0,1,0,0,1,0,1,0,0,0,
3512646060,1,1,0,1,0,0,0,1,0,1,0,1,1,1,1,0,1,0,1,1,1,0,0,1,1,0,1,0,1,1,0,0,
2976170896,1,0,1,1,0,0,0,1,0,1,1,0,0,1,0,0,1,1,0,0,0,0,1,1,1,0,0,1,0,0,0,0,
399943325,0,0,0,1,0,1,1,1,1,1,0,1,0,1,1,0,1,0,1,0,0,1,1,0,1,0,0,1,1,1,0,1,
4079453363,1,1,1,1,0,0,1,1,0,0,1,0,0,1,1,1,1,0,0,0,0,1,0,0,1,0,1,1,0,0,1,1,
3965891936,1,1,1,0,1,1,0,0,0,1,1,0,0,0,1,0,1,0,1,1,0,1,0,1,0,1,1,0,0,0,0,0,
3041950956,1,0,1,1,0,1,0,1,0,1,0,1,0,0,0,0,0,1,1,1,1,1,0,0,1,1,1,0,1,1,0,0,
3331830475,1,1,0,0,0,1,1,0,1,0,0,1,0,1,1,1,1,0,1,1,0,0,1,0,1,1,0,0,1,0,1,1,
944076263,0,0,1,1,1,0,0,0,0,1,0,0,0,1,0,1,0,1,1,1,0,1,0,1,1,1,1,0,0,1,1,1,
151511824,0,0,0,0,1,0,0,1,0,0,0,0,0,1,1,1,1,1,1,0,0,0,1,1,0,0,0,1,0,0,0,0,
4046052920,1,1,1,1,0,0,0,1,0,0,1,0,1,0,0,1,1,1,0,1,1,1,1,0,0,0,1,1,1,0,0,0,
961949099,0,0,1,1,1,0,0,1,0,1,0,1,0,1,1,0,0,0,1,0,1,1,0,1,1,0,1,0,1,0,1,1,
3525958398,1,1,0,1,0,0,1,0,0,0,1,0,1,0,0,1,1,1,0,1,1,0,1,0,1,1,1,1,1,1,1,0,
2688265225,1,0,1,0,0,0,0,0,0,0,1,1,1,0,1,1,1,0,1,0,1,1,0,0,0,0,0,0,1,0,0,1,
1108997482,0,1,0,0,0,0,1,0,0,0,0,1,1,0,0,1,1,1,1,1,0,1,0,1,0,1,1,0,1,0,1,0,
970671933,0,0,1,1,1,0,0,1,1,1,0,1,1,0,1,1,0,1,0,0,0,1,1,1,0,0,1,1,1,1,0,1,
2345788014,1,0,0,0,1,0,1,1,1,1,0,1,0,0,0,1,1,1,1,0,0,0,1,0,0,1,1,0,1,1,1,0,
2270823082,1,0,0,0,0,1,1,1,0,1,0,1,1,0,1,0,0,0,0,0,0,0,1,0,1,0,1,0,1,0,1,0,
3934557544,1,1,1,0,1,0,1,0,1,0,0,0,0,1,0,0,1,0,0,1,0,1,0,1,0,1,1,0,1,0,0,0,
3265397453,1,1,0,0,0,0,1,0,1,0,1,0,0,0,1,0,0,0,0,0,0,0,1,0,1,1,0,0,1,1,0,1,
1949005478,0,1,1,1,0,1,0,0,0,0,1,0,1,0,1,1,0,1,1,1,0,1,1,0,1,0,1,0,0,1,1,0,
165258898,0,0,0,0,1,0,0,1,1,1,0,1,1,0,0,1,1,0,1,0,0,1,1,0,1,0,0,1,0,0,1,0,
2876796595,1,0,1,0,1,0,1,1,0,1,1,1,1,0,0,0,0,1,1,0,1,1,1,0,1,0,1,1,0,0,1,1,
4054248381,1,1,1,1,0,0,0,1,1,0,1,0,0,1,1,0,1,1,1,0,1,0,1,1,1,0,1,1,1,1,0,1,
975211152,0,0,1,1,1,0,1,0,0,0,1,0,0,0,0,0,1,0,0,0,1,0,1,0,1,0,0,1,0,0,0,0,
4103568850,1,1,1,1,0,1,0,0,1,0,0,1,0,1,1,1,0,1,1,1,1,1,0,1,1,1,0,1,0,0,1,0,
2254293353,1,0,0,0,0,1,1,0,0,1,0,1,1,1,0,1,1,1,0,0,1,0,0,1,0,1,1,0,1,0,0,1,
1070829880,0,0,1,1,1,1,1,1,1,1,0,1,0,0,1,1,1,0,0,1,0,0,0,1,0,0,1,1,1,0,0,0,
1145658823,0,1,0,0,0,1,0,0,0,1,0,0,1,0,0,1,0,1,0,1,1,1,0,1,1,1,0,0,0,1,1,1,
210584793,0,0,0,0,1,1,0,0,1,0,0,0,1,1,0,1,0,1,0,0,0,1,0,0,1,1,0,1,1,0,0,1,
328964184,0,0,0,1,0,0,1,1,1,0,0,1,1,0,1,1,1,0,0,1,1,0,0,0,0,1,0,1,1,0,0,0,
1773235430,0,1,1,0,1,0,0,1,1,0,1,1,0,0,0,1,0,1,1,0,1,1,0,0,1,1,1,0,0,1,1,0,
566627527,0,0,1,0,0,0,0,1,1,1,0,0,0,1,1,0,0,0,0,0,1,1,0,0,1,1,0,0,0,1,1,1,
1551598724,0,1,0,1,1,1,0,0,0,1,1,1,1,0,1,1,1,0,0,0,0,1,0,0,1,0,0,0,0,1,0,0,
2232768175,1,0,0,0,0,1,0,1,0,0,0,1,0,1,0,1,0,1,0,1,0,1,1,0,1,0,1,0,1,1,1,1,
3597903673,1,1,0,1,0,1,1,0,0,1,1,1,0,0,1,1,1,0,1,0,0,1,1,1,0,0,1,1,1,0,0,1,
2437262593,1,0,0,1,0,0,0,1,0,1,0,0,0,1,0,1,1,0,1,0,1,1,0,1,0,0,0,0,0,0,0,1,
2425636512,1,0,0,1,0,0,0,0,1,0,0,1,0,1,0,0,0,1,0,0,0,1,1,0,1,0,1,0,0,0,0,0,
2768726556,1,0,1,0,0,1,0,1,0,0,0,0,0,1,1,1,0,1,1,0,1,0,1,0,0,0,0,1,1,1,0,0,
3142367863,1,0,1,1,1,0,1,1,0,1,0,0,1,1,0,0,1,0,1,1,1,0,1,0,0,1,1,1,0,1,1,1,
1549769752,0,1,0,1,1,1,0,0,0,1,0,1,1,1,1,1,1,0,0,1,1,1,0,0,0,0,0,1,1,0,0,0,
2569265480,1,0,0,1,1,0,0,1,0,0,1,0,0,0,1,1,1,1,1,0,0,0,0,1,0,1,0,0,1,0,0,0,
4090159082,1,1,1,1,0,0,1,1,1,1,0,0,1,0,1,0,1,1,0,1,1,1,1,1,1,1,1,0,1,0,1,0,
778397050,0,0,1,0,1,1,1,0,0,1,1,0,0,1,0,1,0,1,1,0,0,1,0,1,0,1,1,1,1,0,1,0,
3484002710,1,1,0,0,1,1,1,1,1,0,1,0,1,0,0,1,1,0,1,0,1,0,0,1,1,0,0,1,0,1,1,0,
3221713197,1,1,0,0,0,0,0,0,0,0,0,0,0,1,1,1,0,1,1,1,0,0,0,1,0,0,1,0,1,1,0,1,
3530636269,1,1,0,1,0,0,1,0,0,1,1,1,0,0,0,1,0,0,1,1,1,0,1,1,1,1,1,0,1,1,0,1,
1212652136,0,1,0,0,1,0,0,0,0,1,0,0,0,1,1,1,1,0,0,1,1,0,1,0,0,1,1,0,1,0,0,0,
1449563900,0,1,0,1,0,1,1,0,0,1,1,0,0,1,1,0,1,0,0,1,0,1,1,0,1,1,1,1,1,1,0,0,
2782489982,1,0,1,0,0,1,0,1,1,1,0,1,1,0,0,1,0,1,1,0,1,1,0,1,0,1,1,1,1,1,1,0,
782744018,0,0,1,0,1,1,1,0,1,0,1,0,0,1,1,1,1,0,1,1,1,0,0,1,1,1,0,1,0,0,1,0,
3356826230,1,1,0,0,1,0,0,0,0,0,0,1,0,1,0,1,0,0,0,1,1,0,1,0,0,1,1,1,0,1,1,0,
1258886842,0,1,0,0,1,0,1,1,0,0,0,0,1,0,0,1,0,0,0,1,0,1,1,0,1,0,1,1,1,0,1,0,
404508648,0,0,0,1,1,0,0,0,0,0,0,1,1,1,0,0,0,1,0,0,1,1,1,1,1,1,1,0,1,0,0,0,
2116135309,0,1,1,1,1,1,1,0,0,0,1,0,0,0,0,1,1,0,1,0,1,0,0,1,1,0,0,0,1,1,0,1,
3046693836,1,0,1,1,0,1,0,1,1,0,0,1,1,0,0,0,1,1,0,1,1,0,1,1,1,1,0,0,1,1,0,0,
2279864794,1,0,0,0,0,1,1,1,1,1,1,0,0,0,1,1,1,1,1,1,1,0,0,1,1,1,0,1,1,0,1,0,
973595649,0,0,1,1,1,0,1,0,0,0,0,0,0,1,1,1,1,1,1,0,0,1,0,0,0,0,0,0,0,0,0,1,
3037285312,1,0,1,1,0,1,0,1,0,0,0,0,1,0,0,1,0,1,0,0,1,0,1,1,1,1,0,0,0,0,0,0,
1350144761,0,1,0,1,0,0,0,0,0,1,1,1,1,0,0,1,1,0,0,1,0,0,1,0,1,1,1,1,1,0,0,1,
1215349758,0,1,0,0,1,0,0,0,0,1,1,1,0,0,0,0,1,1,0,0,0,0,1,1,1,1,1,1,1,1,1,0,
1543462768,0,1,0,1,1,0,1,1,1,1,1,1,1,1,1,1,0,1,0,1,1,1,1,1,0,1,1,1,0,0,0,0,
2392435750,1,0,0,0,1,1,1,0,1,0,0,1,1,0,0,1,1,0,1,0,1,1,0,0,0,0,1,0,0,1,1,0,
2851962385,1,0,1,0,1,0,0,1,1,1,1,1,1,1,0,1,0,1,1,1,1,1,1,0,0,0,0,1,0,0,0,1,
738824441,0,0,1,0,1,1,0,0,0,0,0,0,1,0,0,1,1,0,0,1,0,0,0,0,1,1,1,1,1,0,0,1,
1142823356,0,1,0,0,0,1,0,0,0,0,0,1,1,1,1,0,0,0,0,1,1,0,0,1,1,0,1,1,1,1,0,0,
1705865773,0,1,1,0,0,1,0,1,1,0,1,0,1,1,0,1,0,1,1,1,0,0,1,0,0,0,1,0,1,1,0,1,
3226233310,1,1,0,0,0,0,0,0,0,1,0,0,1,1,0,0,0,1,1,0,1,0,0,1,1,1,0,1,1,1,1,0,
562567469,0,0,1,0,0,0,0,1,1,0,0,0,1,0,0,0,0,0,0,1,1,0,0,1,0,0,1,0,1,1,0,1,
1295124288,0,1,0,0,1,1,0,1,0,0,1,1,0,0,1,0,0,0,0,0,0,1,1,1,0,1,0,0,0,0,0,0,
240569451,0,0,0,0,1,1,1,0,0,1,0,1,0,1,1,0,1,1,0,0,1,1,0,0,0,1,1,0,1,0,1,1,
868100501,0,0,1,1,0,0,1,1,1,0,1,1,1,1,1,0,0,0,1,0,1,0,0,1,1,0,0,1,0,1,0,1,
809879533,0,0,1,1,0,0,0,0,0,1,0,0,0,1,0,1,1,1,0,0,0,1,1,1,1,1,1,0,1,1,0,1,
2424600994,1,0,0,1,0,0,0,0,1,0,0,0,0,1,0,0,0,1,1,1,1,0,0,1,1,0,1,0,0,0,1,0,
391492305,0,0,0,1,0,1,1,1,0,1,0,1,0,1,0,1,1,0,1,1,0,0,1,0,1,1,0,1,0,0,0,1,
2021167319,0,1,1,1,1,0,0,0,0,1,1,1,1,0,0,0,1,0,0,1,0,0,0,0,1,1,0,1,0,1,1,1,
4089627194,1,1,1,1,0,0,1,1,1,1,0,0,0,0,1,0,1,1,0,0,0,0,1,0,0,0,1,1,1,0,1,0,
739119848,0,0,1,0,1,1,0,0,0,0,0,0,1,1,1,0,0,0,0,1,0,0,1,0,1,1,1,0,1,0,0,0,
1875552451,0,1,1,0,1,1,1,1,1,1,0,0,1,0,1,0,1,0,1,0,1,0,0,0,1,1,0,0,0,0,1,1,
943111315,0,0,1,1,1,0,0,0,0,0,1,1,0,1,1,0,1,0,1,1,1,1,0,0,1,0,0,1,0,0,1,1,
3861222464,1,1,1,0,0,1,1,0,0,0,1,0,0,1,0,1,1,0,0,1,0,1,0,0,0,1,0,0,0,0,0,0,
3090185422,1,0,1,1,1,0,0,0,0,0,1,1,0,0,0,0,0,1,1,1,1,1,0,0,1,1,0,0,1,1,1,0,
2881478671,1,0,1,0,1,0,1,1,1,0,1,1,1,1,1,1,1,1,1,0,0,0,0,0,0,0,0,0,1,1,1,1,
1322969181,0,1,0,0,1,1,1,0,1,1,0,1,1,0,1,0,1,1,1,0,1,0,0,0,0,1,0,1,1,1,0,1,
333214823,0,0,0,1,0,0,1,1,1,1,0,1,1,1,0,0,0,1,1,1,0,1,0,0,0,1,1,0,0,1,1,1,
4057370875,1,1,1,1,0,0,0,1,1,1,0,1,0,1,1,0,1,0,0,1,0,0,0,0,1,1,1,1,1,0,1,1,
2199648977,1,0,0,0,0,0,1,1,0,0,0,1,1,0,1,1,1,1,1,1,1,0,1,0,1,1,0,1,0,0,0,1,
1379328092,0,1,0,1,0,0,1,0,0,0,1,1,0,1,1,0,1,1,1,0,0,0,0,0,0,1,0,1,1,1,0,0,
4232817902,1,1,1,1,1,1,0,0,0,1,0,0,1,0,1,1,1,0,1,0,1,1,0,0,1,1,1,0,1,1,1,0,
1662250680,0,1,1,0,0,0,1,1,0,0,0,1,0,0,1,1,1,1,1,0,1,1,1,0,1,0,1,1,1,0,0,0,
4067698489,1,1,1,1,0,0,1,0,0,1,1,1,0,1,0,0,0,0,1,0,0,1,1,1,0,0,1,1,1,0,0,1,
2837964436,1,0,1,0,1,0,0,1,0,0,1,0,0,1,1,1,1,1,1,0,0,1,1,0,1,0,0,1,0,1,0,0,
3745595406,1,1,0,1,1,1,1,1,0,1,0,0,0,0,0,1,0,1,0,0,0,0,0,0,0,0,0,0,1,1,1,0,
2577250699,1,0,0,1,1,0,0,1,1,0,0,1,1,1,0,1,1,0,1,1,1,0,0,1,1,0,0,0,1,0,1,1,
390218840,0,0,0,1,0,1,1,1,0,1,0,0,0,0,1,0,0,1,0,0,0,1,0,0,0,1,0,1,1,0,0,0,
648200182,0,0,1,0,0,1,1,0,1,0,1,0,0,0,1,0,1,0,1,1,1,1,1,1,1,1,1,1,0,1,1,0,
165570184,0,0,0,0,1,0,0,1,1,1,0,1,1,1,1,0,0,1,1,0,0,1,1,0,1,0,0,0,1,0,0,0,
593134203,0,0,1,0,0,0,1,1,0,1,0,1,1,0,1,0,1,0,0,0,0,0,1,0,0,1,1,1,1,0,1,1,
3462434265,1,1,0,0,1,1,1,0,0,1,1,0,0,0,0,0,1,0,0,0,1,1,0,1,1,1,0,1,1,0,0,1,
1484124086,0,1,0,1,1,0,0,0,0,1,1,1,0,1,0,1,1,1,1,0,1,1,1,1,1,0,1,1,0,1,1,0,
2484679335,1,0,0,1,0,1,0,0,0,0,0,1,1,0,0,1,0,0,1,1,0,0,1,0,1,0,1,0,0,1,1,1,
3508963310,1,1,0,1,0,0,0,1,0,0,1,0,0,1,1,0,1,0,0,0,0,1,1,1,1,1,1,0,1,1,1,0,
2959479906,1,0,1,1,0,0,0,0,0,1,1,0,0,1,1,0,0,0,0,1,0,1,0,0,0,1,1,0,0,0,1,0,
1192715273,0,1,0,0,0,1,1,1,0,0,0,1,0,1,1,1,0,1,1,0,0,1,0,0,0,0,0,0,1,0,0,1,
629182165,0,0,1,0,0,1,0,1,1,0,0,0,0,0,0,0,1,0,0,0,1,1,1,0,1,1,0,1,0,1,0,1,
408272927,0,0,0,1,1,0,0,0,0,1,0,1,0,1,0,1,1,1,0,0,0,0,0,0,0,0,0,1,1,1,1,1,
2000002632,0,1,1,1,0,1,1,1,0,0,1,1,0,1,0,1,1,0,0,1,1,1,1,0,0,1,0,0,1,0,0,0,
3151570199,1,0,1,1,1,0,1,1,1,1,0,1,1,0,0,1,0,0,1,0,0,1,0,1,0,0,0,1,0,1,1,1,
1436375541,0,1,0,1,0,1,0,1,1,0,0,1,1,1,0,1,0,1,0,1,1,0,0,1,1,1,1,1,0,1,0,1,
3055150776,1,0,1,1,0,1,1,0,0,0,0,1,1,0,0,1,1,1,1,0,0,1,1,0,1,0,1,1,1,0,0,0,
3634077868,1,1,0,1,1,0,0,0,1,0,0,1,1,0,1,1,1,0,1,0,0,0,0,0,1,0,1,0,1,1,0,0,
322935149,0,0,0,1,0,0,1,1,0,0,1,1,1,1,1,1,1,0,0,1,1,0,0,1,0,1,1,0,1,1,0,1,
3396916016,1,1,0,0,1,0,1,0,0,1,1,1,1,0,0,0,1,1,0,1,0,0,1,1,0,0,1,1,0,0,0,0,
2951479265,1,0,1,0,1,1,1,1,1,1,1,0,1,0,1,1,1,1,1,1,1,1,1,1,1,1,1,0,0,0,0,1,
057879756,0,0,0,0,0,0,1,1,0,1,1,1,0,0,1,1,0,0,1,0,1,1,0,0,1,1,0,0,1,1,0,0,
